Timestamp,Frame_ID,Predicted_Class,Confidence_Score,Processing_Time_ms
2026-06-04 22:08:50.644,2,0,100.00,36.18
2026-06-04 22:08:50.675,3,1,100.00,26.89
2026-06-04 22:08:50.712,4,1,100.00,26.75
2026-06-04 22:08:50.743,5,1,100.00,26.35
2026-06-04 22:08:50.776,6,1,100.00,27.42
2026-06-04 22:08:50.805,7,1,100.00,26.38
2026-06-04 22:08:50.835,8,1,100.00,25.58
2026-06-04 22:08:50.868,9,1,100.00,27.60
2026-06-04 22:08:50.898,10,1,100.00,25.99
2026-06-04 22:08:50.929,11,1,100.00,25.43
2026-06-04 22:08:50.960,12,1,100.00,26.06
2026-06-04 22:08:50.992,13,1,100.00,26.17
2026-06-04 22:08:51.025,14,1,100.00,27.47
2026-06-04 22:08:51.057,15,1,100.00,28.74
2026-06-04 22:08:51.103,16,1,100.00,28.28
2026-06-04 22:08:51.150,17,1,100.00,29.71
2026-06-04 22:08:51.184,18,1,100.00,30.49
2026-06-04 22:08:51.220,19,1,100.00,32.48
2026-06-04 22:08:51.255,20,1,100.00,26.16
2026-06-04 22:08:51.286,21,1,100.00,26.67
2026-06-04 22:08:51.317,22,1,100.00,26.73
2026-06-04 22:08:51.348,23,1,100.00,27.20
2026-06-04 22:08:51.377,24,1,100.00,25.39
2026-06-04 22:08:51.405,25,1,100.00,23.13
2026-06-04 22:08:51.441,26,1,100.00,28.96
2026-06-04 22:08:51.470,27,1,100.00,26.05
2026-06-04 22:08:51.498,28,1,100.00,23.92
2026-06-04 22:08:51.536,29,1,100.00,30.75
2026-06-04 22:08:51.577,30,1,100.00,25.88
2026-06-04 22:08:51.608,31,1,100.00,25.44
2026-06-04 22:08:51.638,32,1,100.00,25.18
2026-06-04 22:08:51.669,33,1,100.00,24.64
2026-06-04 22:08:51.701,34,1,100.00,25.51
2026-06-04 22:08:51.731,35,1,100.00,24.89
2026-06-04 22:08:51.762,36,1,100.00,24.88
2026-06-04 22:08:51.799,37,1,100.00,29.73
2026-06-04 22:08:51.847,38,1,100.00,30.73
2026-06-04 22:08:51.878,39,1,100.00,27.72
2026-06-04 22:08:51.905,40,1,100.00,25.08
2026-06-04 22:08:51.934,41,1,100.00,25.02
2026-06-04 22:08:51.965,42,1,100.00,25.31
2026-06-04 22:08:51.997,43,1,100.00,26.56
2026-06-04 22:08:52.025,44,1,100.00,24.68
2026-06-04 22:08:52.057,45,1,100.00,25.41
2026-06-04 22:08:52.088,46,1,100.00,24.96
2026-06-04 22:08:52.119,47,1,100.00,24.99
2026-06-04 22:08:52.149,48,1,100.00,24.35
2026-06-04 22:08:52.182,49,1,100.00,27.10
2026-06-04 22:08:52.210,50,1,100.00,23.76
2026-06-04 22:08:52.243,51,1,100.00,25.85
2026-06-04 22:08:52.275,52,1,100.00,26.77
2026-06-04 22:08:52.304,53,1,100.00,23.98
2026-06-04 22:08:52.337,54,1,100.00,26.12
2026-06-04 22:08:52.366,55,1,100.00,23.98
2026-06-04 22:08:52.398,56,1,100.00,24.81
2026-06-04 22:08:52.428,57,1,100.00,23.12
2026-06-04 22:08:52.463,58,1,100.00,27.17
2026-06-04 22:08:52.493,59,1,100.00,25.75
2026-06-04 22:08:52.524,60,1,100.00,25.47
2026-06-04 22:08:52.559,61,1,100.00,28.26
2026-06-04 22:08:52.587,62,1,100.00,25.20
2026-06-04 22:08:52.620,63,1,100.00,26.18
2026-06-04 22:08:52.651,64,1,100.00,24.95
2026-06-04 22:08:52.681,65,1,100.00,25.01
2026-06-04 22:08:52.711,66,1,100.00,24.28
2026-06-04 22:08:52.745,67,1,100.00,27.09
2026-06-04 22:08:52.773,68,1,100.00,24.37
2026-06-04 22:08:52.805,69,1,100.00,24.30
2026-06-04 22:08:52.836,70,1,100.00,24.77
2026-06-04 22:08:52.867,71,1,100.00,24.98
2026-06-04 22:08:52.900,72,1,100.00,26.17
2026-06-04 22:08:52.929,73,1,100.00,24.84
2026-06-04 22:08:52.960,74,1,100.00,25.15
2026-06-04 22:08:52.990,75,1,100.00,25.02
2026-06-04 22:08:53.023,76,1,100.00,25.98
2026-06-04 22:08:53.054,77,1,100.00,24.92
2026-06-04 22:08:53.085,78,1,100.00,24.94
2026-06-04 22:08:53.116,79,1,100.00,25.15
2026-06-04 22:08:53.148,80,1,100.00,26.55
2026-06-04 22:08:53.178,81,1,100.00,25.25
2026-06-04 22:08:53.209,82,1,100.00,24.72
2026-06-04 22:08:53.242,83,1,100.00,26.62
2026-06-04 22:08:53.272,84,1,100.00,24.41
2026-06-04 22:08:53.305,85,1,100.00,25.81
2026-06-04 22:08:53.334,86,1,100.00,24.38
2026-06-04 22:08:53.367,87,1,100.00,26.37
2026-06-04 22:08:53.397,88,1,100.00,25.54
2026-06-04 22:08:53.434,89,1,100.00,31.25
2026-06-04 22:08:53.479,90,1,100.00,29.27
2026-06-04 22:08:53.506,91,1,100.00,24.68
2026-06-04 22:08:53.548,92,1,100.00,35.13
2026-06-04 22:08:53.587,93,1,100.00,27.69
2026-06-04 22:08:53.617,94,1,100.00,26.45
2026-06-04 22:08:53.647,95,1,100.00,26.25
2026-06-04 22:08:53.680,96,1,100.00,28.06
2026-06-04 22:08:53.709,97,1,100.00,26.21
2026-06-04 22:08:53.739,98,1,100.00,25.90
2026-06-04 22:08:53.772,99,1,100.00,26.67
2026-06-04 22:08:53.802,100,1,100.00,26.16
2026-06-04 22:08:53.833,101,1,100.00,25.71
2026-06-04 22:08:53.866,102,1,100.00,26.56
2026-06-04 22:08:53.894,103,1,100.00,23.94
2026-06-04 22:08:53.927,104,1,100.00,25.60
2026-06-04 22:08:53.957,105,1,100.00,25.59
2026-06-04 22:08:53.986,106,1,100.00,24.47
2026-06-04 22:08:54.019,107,1,100.00,25.95
2026-06-04 22:08:54.049,108,1,100.00,24.78
2026-06-04 22:08:54.081,109,1,100.00,25.39
2026-06-04 22:08:54.111,110,1,100.00,26.84
2026-06-04 22:08:54.144,111,1,100.00,26.56
2026-06-04 22:08:54.174,112,1,100.00,26.30
2026-06-04 22:08:54.203,113,1,100.00,25.11
2026-06-04 22:08:54.236,114,1,100.00,26.51
2026-06-04 22:08:54.267,115,1,100.00,26.84
2026-06-04 22:08:54.295,116,1,100.00,25.06
2026-06-04 22:08:54.325,117,1,100.00,24.13
2026-06-04 22:08:54.363,118,1,100.00,26.75
2026-06-04 22:08:54.405,119,1,100.00,25.21
2026-06-04 22:08:54.436,120,1,100.00,24.67
2026-06-04 22:08:54.471,121,1,100.00,27.25
2026-06-04 22:08:54.499,122,1,100.00,25.24
2026-06-04 22:08:54.530,123,1,100.00,24.76
2026-06-04 22:08:54.563,124,1,100.00,27.00
2026-06-04 22:08:54.592,125,1,100.00,24.94
2026-06-04 22:08:54.623,126,1,100.00,25.72
2026-06-04 22:08:54.656,127,1,100.00,27.59
2026-06-04 22:08:54.686,128,1,100.00,27.19
2026-06-04 22:08:54.715,129,1,100.00,25.31
2026-06-04 22:08:54.747,130,1,100.00,26.47
2026-06-04 22:08:54.776,131,1,100.00,24.48
2026-06-04 22:08:54.816,132,1,100.00,32.09
2026-06-04 22:08:54.842,133,1,100.00,24.45
2026-06-04 22:08:54.884,134,1,100.00,25.99
2026-06-04 22:08:54.914,135,1,100.00,24.89
2026-06-04 22:08:54.946,136,1,100.00,25.63
2026-06-04 22:08:54.978,137,1,100.00,26.31
2026-06-04 22:08:55.008,138,1,100.00,25.93
2026-06-04 22:08:55.039,139,1,100.00,25.75
2026-06-04 22:08:55.071,140,1,100.00,25.15
2026-06-04 22:08:55.100,141,1,100.00,23.98
2026-06-04 22:08:55.130,142,1,100.00,23.75
2026-06-04 22:08:55.167,143,1,100.00,29.01
2026-06-04 22:08:55.215,144,1,100.00,29.96
2026-06-04 22:08:55.258,145,1,100.00,26.15
2026-06-04 22:08:55.286,146,1,100.00,22.88
2026-06-04 22:08:55.320,147,1,100.00,25.87
2026-06-04 22:08:55.350,148,1,100.00,26.20
2026-06-04 22:08:55.383,149,1,100.00,28.19
2026-06-04 22:08:55.412,150,1,100.00,26.10
2026-06-04 22:08:55.444,151,1,100.00,25.63
2026-06-04 22:08:55.475,152,1,100.00,25.20
2026-06-04 22:08:55.506,153,1,100.00,25.33
2026-06-04 22:08:55.536,154,1,100.00,24.82
2026-06-04 22:08:55.567,155,1,100.00,24.22
2026-06-04 22:08:55.602,156,1,100.00,27.79
2026-06-04 22:08:55.648,157,1,100.00,28.99
2026-06-04 22:08:55.691,158,1,100.00,25.40
2026-06-04 22:08:55.723,159,1,100.00,27.09
2026-06-04 22:08:55.752,160,1,100.00,25.16
2026-06-04 22:08:55.783,161,1,100.00,24.37
2026-06-04 22:08:55.816,162,1,100.00,26.31
2026-06-04 22:08:55.849,163,1,100.00,28.17
2026-06-04 22:08:55.878,164,1,100.00,25.58
2026-06-04 22:08:55.909,165,1,100.00,25.45
2026-06-04 22:08:55.941,166,1,100.00,26.73
2026-06-04 22:08:55.972,167,1,100.00,26.16
2026-06-04 22:08:56.003,168,1,100.00,26.22
2026-06-04 22:08:56.033,169,1,100.00,26.12
2026-06-04 22:08:56.064,170,1,100.00,25.04
2026-06-04 22:08:56.100,171,1,100.00,29.87
2026-06-04 22:08:56.143,172,1,100.00,26.40
2026-06-04 22:08:56.176,173,1,100.00,27.44
2026-06-04 22:08:56.206,174,1,100.00,25.65
2026-06-04 22:08:56.236,175,1,100.00,24.91
2026-06-04 22:08:56.271,176,1,100.00,27.88
2026-06-04 22:08:56.298,177,1,100.00,24.33
2026-06-04 22:08:56.334,178,1,100.00,28.72
2026-06-04 22:08:56.380,179,1,100.00,29.93
2026-06-04 22:08:56.425,180,1,100.00,27.60
2026-06-04 22:08:56.455,181,1,100.00,26.85
2026-06-04 22:08:56.485,182,1,100.00,25.44
2026-06-04 22:08:56.518,183,1,100.00,26.95
2026-06-04 22:08:56.550,184,1,100.00,28.06
2026-06-04 22:08:56.580,185,1,100.00,27.23
2026-06-04 22:08:56.611,186,1,100.00,25.57
2026-06-04 22:08:56.644,187,1,100.00,26.56
2026-06-04 22:08:56.676,188,1,100.00,27.53
2026-06-04 22:08:56.706,189,1,100.00,27.33
2026-06-04 22:08:56.737,190,1,100.00,26.59
2026-06-04 22:08:56.767,191,1,100.00,25.49
2026-06-04 22:08:56.801,192,1,100.00,27.27
2026-06-04 22:08:56.846,193,1,100.00,26.89
2026-06-04 22:08:56.876,194,1,100.00,25.83
2026-06-04 22:08:56.908,195,1,100.00,27.75
2026-06-04 22:08:56.940,196,1,100.00,28.59
2026-06-04 22:08:56.972,197,1,100.00,24.41
2026-06-04 22:08:57.023,198,1,100.00,34.64
2026-06-04 22:08:57.062,199,1,100.00,26.83
2026-06-04 22:08:57.091,200,1,100.00,23.64
2026-06-04 22:08:57.124,201,1,100.00,25.99
2026-06-04 22:08:57.153,202,1,100.00,24.74
2026-06-04 22:08:57.189,203,1,100.00,29.32
2026-06-04 22:08:57.232,204,1,100.00,26.55
2026-06-04 22:08:57.261,205,1,100.00,25.06
2026-06-04 22:08:57.291,206,1,100.00,26.90
2026-06-04 22:08:57.320,207,1,100.00,25.74
2026-06-04 22:08:57.358,208,1,100.00,27.38
2026-06-04 22:08:57.382,209,1,100.00,23.38
2026-06-04 22:08:57.409,210,1,100.00,23.88
2026-06-04 22:08:57.447,211,1,100.00,24.85
2026-06-04 22:08:57.476,212,1,100.00,23.42
2026-06-04 22:08:57.508,213,1,100.00,24.65
2026-06-04 22:08:57.538,214,1,100.00,23.85
2026-06-04 22:08:57.563,215,1,100.00,23.94
2026-06-04 22:08:57.589,216,1,100.00,22.91
2026-06-04 22:08:57.618,217,1,100.00,24.81
2026-06-04 22:08:57.649,218,1,100.00,23.67
2026-06-04 22:08:57.681,219,1,100.00,25.18
2026-06-04 22:08:57.714,220,1,100.00,25.71
2026-06-04 22:08:57.748,221,1,100.00,27.30
2026-06-04 22:08:57.791,222,1,100.00,25.65
2026-06-04 22:08:57.822,223,1,100.00,24.46
2026-06-04 22:08:57.854,224,1,100.00,24.75
2026-06-04 22:08:57.885,225,1,100.00,24.36
2026-06-04 22:08:57.918,226,1,100.00,26.88
2026-06-04 22:08:57.947,227,1,100.00,24.97
2026-06-04 22:08:57.979,228,1,100.00,24.95
2026-06-04 22:08:58.009,229,1,100.00,23.73
2026-06-04 22:08:58.043,230,1,100.00,26.01
2026-06-04 22:08:58.073,231,1,100.00,25.00
2026-06-04 22:08:58.104,232,1,100.00,24.37
2026-06-04 22:08:58.135,233,1,100.00,24.48
2026-06-04 22:08:58.165,234,1,100.00,24.03
2026-06-04 22:08:58.198,235,1,100.00,24.54
2026-06-04 22:08:58.229,236,1,100.00,24.86
2026-06-04 22:08:58.254,237,1,100.00,24.10
2026-06-04 22:08:58.279,238,1,100.00,24.09
2026-06-04 22:08:58.305,239,1,100.00,23.04
2026-06-04 22:08:58.332,240,1,100.00,24.76
2026-06-04 22:08:58.361,241,1,100.00,25.79
2026-06-04 22:08:58.389,242,1,100.00,24.35
2026-06-04 22:08:58.429,243,1,100.00,24.30
2026-06-04 22:08:58.461,244,1,100.00,24.79
2026-06-04 22:08:58.494,245,1,100.00,26.23
2026-06-04 22:08:58.524,246,1,100.00,25.98
2026-06-04 22:08:58.556,247,1,100.00,25.41
2026-06-04 22:08:58.594,248,1,100.00,32.32
2026-06-04 22:08:58.626,249,1,100.00,28.43
2026-06-04 22:08:58.667,250,1,100.00,28.20
2026-06-04 22:08:58.696,251,1,100.00,26.38
2026-06-04 22:08:58.725,252,1,100.00,24.51
2026-06-04 22:08:58.756,253,1,100.00,25.27
2026-06-04 22:08:58.789,254,1,100.00,27.21
2026-06-04 22:08:58.817,255,1,100.00,24.02
2026-06-04 22:08:58.851,256,1,100.00,26.67
2026-06-04 22:08:58.883,257,1,100.00,26.39
2026-06-04 22:08:58.913,258,1,100.00,25.69
2026-06-04 22:08:58.945,259,1,100.00,25.97
2026-06-04 22:08:58.974,260,1,100.00,24.70
2026-06-04 22:08:59.005,261,1,100.00,24.81
2026-06-04 22:08:59.035,262,1,100.00,24.08
2026-06-04 22:08:59.066,263,1,100.00,22.61
2026-06-04 22:08:59.101,264,1,100.00,25.84
2026-06-04 22:08:59.131,265,1,100.00,24.07
2026-06-04 22:08:59.163,266,1,100.00,23.72
2026-06-04 22:08:59.196,267,1,100.00,25.66
2026-06-04 22:08:59.224,268,1,100.00,22.92
2026-06-04 22:08:59.257,269,1,100.00,24.74
2026-06-04 22:08:59.289,270,1,100.00,25.44
2026-06-04 22:08:59.318,271,1,100.00,24.08
2026-06-04 22:08:59.351,272,1,100.00,25.56
2026-06-04 22:08:59.383,273,1,100.00,25.91
2026-06-04 22:08:59.413,274,1,100.00,24.57
2026-06-04 22:08:59.442,275,1,100.00,23.52
2026-06-04 22:08:59.473,276,1,100.00,23.99
2026-06-04 22:08:59.504,277,1,100.00,24.08
2026-06-04 22:08:59.535,278,1,100.00,24.45
2026-06-04 22:08:59.567,279,1,100.00,25.07
2026-06-04 22:08:59.599,280,1,100.00,25.92
2026-06-04 22:08:59.628,281,1,100.00,24.95
2026-06-04 22:08:59.660,282,1,100.00,26.11
2026-06-04 22:08:59.690,283,1,100.00,24.70
2026-06-04 22:08:59.723,284,1,100.00,26.12
2026-06-04 22:08:59.757,285,1,100.00,28.43
2026-06-04 22:08:59.799,286,1,100.00,24.91
2026-06-04 22:08:59.833,287,1,100.00,28.79
2026-06-04 22:08:59.861,288,1,100.00,26.04
2026-06-04 22:08:59.888,289,1,100.00,24.92
2026-06-04 22:08:59.924,290,1,100.00,27.11
2026-06-04 22:08:59.956,291,1,100.00,28.66
2026-06-04 22:08:59.986,292,1,100.00,25.93
2026-06-04 22:09:00.017,293,1,100.00,25.75
2026-06-04 22:09:00.049,294,1,100.00,25.65
2026-06-04 22:09:00.086,295,1,100.00,32.82
2026-06-04 22:09:00.123,296,1,100.00,32.34
2026-06-04 22:09:00.159,297,1,100.00,26.76
2026-06-04 22:09:00.190,298,1,100.00,26.61
2026-06-04 22:09:00.222,299,1,100.00,27.09
2026-06-04 22:09:00.250,300,1,100.00,24.93
2026-06-04 22:09:00.281,301,1,100.00,24.95
2026-06-04 22:09:00.313,302,1,100.00,25.04
2026-06-04 22:09:00.343,303,1,100.00,23.60
2026-06-04 22:09:00.383,304,1,100.00,32.02
2026-06-04 22:09:00.414,305,1,100.00,26.60
2026-06-04 22:09:00.442,306,1,100.00,24.82
2026-06-04 22:09:00.487,307,1,100.00,27.36
2026-06-04 22:09:00.517,308,1,100.00,25.79
2026-06-04 22:09:00.548,309,1,100.00,24.81
2026-06-04 22:09:00.580,310,1,100.00,25.48
2026-06-04 22:09:00.610,311,1,100.00,24.04
2026-06-04 22:09:00.641,312,1,100.00,23.83
2026-06-04 22:09:00.674,313,1,100.00,25.63
2026-06-04 22:09:00.703,314,1,100.00,23.36
2026-06-04 22:09:00.737,315,1,100.00,25.95
2026-06-04 22:09:00.765,316,1,100.00,23.99
2026-06-04 22:09:00.799,317,1,100.00,25.80
2026-06-04 22:09:00.829,318,1,100.00,24.59
2026-06-04 22:09:00.860,319,1,100.00,25.17
2026-06-04 22:09:00.889,320,1,100.00,24.16
2026-06-04 22:09:00.922,321,1,100.00,24.79
2026-06-04 22:09:00.954,322,1,100.00,25.89
2026-06-04 22:09:00.986,323,1,100.00,26.36
2026-06-04 22:09:01.018,324,1,100.00,28.54
2026-06-04 22:09:01.048,325,1,100.00,27.38
2026-06-04 22:09:01.077,326,1,100.00,26.31
2026-06-04 22:09:01.107,327,1,100.00,25.94
2026-06-04 22:09:01.139,328,1,100.00,27.33
2026-06-04 22:09:01.169,329,1,100.00,26.06
2026-06-04 22:09:01.199,330,1,100.00,25.15
2026-06-04 22:09:01.229,331,1,100.00,24.35
2026-06-04 22:09:01.261,332,1,100.00,24.07
2026-06-04 22:09:01.294,333,1,100.00,25.19
2026-06-04 22:09:01.324,334,1,100.00,25.15
2026-06-04 22:09:01.360,335,1,100.00,29.50
2026-06-04 22:09:01.402,336,1,100.00,24.86
2026-06-04 22:09:01.436,337,1,100.00,27.29
2026-06-04 22:09:01.487,338,1,100.00,32.84
2026-06-04 22:09:01.524,339,1,100.00,32.33
2026-06-04 22:09:01.561,340,1,100.00,29.42
2026-06-04 22:09:01.608,341,1,100.00,30.07
2026-06-04 22:09:01.652,342,1,100.00,26.36
2026-06-04 22:09:01.684,343,1,100.00,27.73
2026-06-04 22:09:01.713,344,1,100.00,25.91
2026-06-04 22:09:01.745,345,1,100.00,26.59
2026-06-04 22:09:01.777,346,1,100.00,27.34
2026-06-04 22:09:01.805,347,1,100.00,24.43
2026-06-04 22:09:01.840,348,1,100.00,28.39
2026-06-04 22:09:01.868,349,1,100.00,24.72
2026-06-04 22:09:01.902,350,1,100.00,26.19
2026-06-04 22:09:01.944,351,1,100.00,31.02
2026-06-04 22:09:01.975,352,1,100.00,26.45
2026-06-04 22:09:02.004,353,1,100.00,27.42
2026-06-04 22:09:02.036,354,1,100.00,29.05
2026-06-04 22:09:02.080,355,1,100.00,33.78
2026-06-04 22:09:02.128,356,1,100.00,35.96
2026-06-04 22:09:02.168,357,1,100.00,29.48
2026-06-04 22:09:02.212,358,1,100.00,26.90
2026-06-04 22:09:02.264,359,1,100.00,32.80
2026-06-04 22:09:02.304,360,1,100.00,27.26
2026-06-04 22:09:02.335,361,1,100.00,27.31
2026-06-04 22:09:02.365,362,1,100.00,26.17
2026-06-04 22:09:02.398,363,1,100.00,24.29
2026-06-04 22:09:02.429,364,1,100.00,25.80
2026-06-04 22:09:02.459,365,1,100.00,24.83
2026-06-04 22:09:02.490,366,1,100.00,24.89
2026-06-04 22:09:02.523,367,1,100.00,26.61
2026-06-04 22:09:02.556,368,1,100.00,28.51
2026-06-04 22:09:02.585,369,1,100.00,26.33
2026-06-04 22:09:02.619,370,1,100.00,30.06
2026-06-04 22:09:02.647,371,1,100.00,23.83
2026-06-04 22:09:02.678,372,1,100.00,26.06
2026-06-04 22:09:02.707,373,1,100.00,25.16
2026-06-04 22:09:02.738,374,1,100.00,23.77
2026-06-04 22:09:02.769,375,1,100.00,24.02
2026-06-04 22:09:02.802,376,1,100.00,25.16
2026-06-04 22:09:02.838,377,1,100.00,30.84
2026-06-04 22:09:02.866,378,1,100.00,24.40
2026-06-04 22:09:02.895,379,1,100.00,24.65
2026-06-04 22:09:02.925,380,1,100.00,24.68
2026-06-04 22:09:02.970,381,1,100.00,37.19
2026-06-04 22:09:03.014,382,1,100.00,34.50
2026-06-04 22:09:03.054,383,1,100.00,27.34
2026-06-04 22:09:03.084,384,1,100.00,26.68
2026-06-04 22:09:03.115,385,1,100.00,26.14
2026-06-04 22:09:03.148,386,1,100.00,28.52
2026-06-04 22:09:03.176,387,1,100.00,24.66
2026-06-04 22:09:03.221,388,1,100.00,38.82
2026-06-04 22:09:03.257,389,1,100.00,28.95
2026-06-04 22:09:03.292,390,1,100.00,33.12
2026-06-04 22:09:03.346,391,1,100.00,39.29
2026-06-04 22:09:03.378,392,1,100.00,24.80
2026-06-04 22:09:03.412,393,1,100.00,26.67
2026-06-04 22:09:03.446,394,1,100.00,28.30
2026-06-04 22:09:03.489,395,1,100.00,25.04
2026-06-04 22:09:03.520,396,1,100.00,24.15
2026-06-04 22:09:03.553,397,1,100.00,26.24
2026-06-04 22:09:03.582,398,1,100.00,24.90
2026-06-04 22:09:03.614,399,1,100.00,25.82
2026-06-04 22:09:03.644,400,1,100.00,24.61
2026-06-04 22:09:03.675,401,1,100.00,26.03
2026-06-04 22:09:03.708,402,1,100.00,28.24
2026-06-04 22:09:03.746,403,1,100.00,34.78
2026-06-04 22:09:03.787,404,1,100.00,29.03
2026-06-04 22:09:03.816,405,1,100.00,26.27
2026-06-04 22:09:03.845,406,1,100.00,25.68
2026-06-04 22:09:03.877,407,1,100.00,27.18
2026-06-04 22:09:03.908,408,1,100.00,27.19
2026-06-04 22:09:03.936,409,1,100.00,25.41
2026-06-04 22:09:03.965,410,1,100.00,24.10
2026-06-04 22:09:04.000,411,1,100.00,27.08
2026-06-04 22:09:04.029,412,1,100.00,24.69
2026-06-04 22:09:04.061,413,1,100.00,25.78
2026-06-04 22:09:04.090,414,1,100.00,24.32
2026-06-04 22:09:04.122,415,1,100.00,25.36
2026-06-04 22:09:04.157,416,1,100.00,28.34
2026-06-04 22:09:04.185,417,1,100.00,24.38
2026-06-04 22:09:04.221,418,1,100.00,28.90
2026-06-04 22:09:04.263,419,1,100.00,26.01
2026-06-04 22:09:04.293,420,1,100.00,25.07
2026-06-04 22:09:04.330,421,1,100.00,30.35
2026-06-04 22:09:04.362,422,1,100.00,27.30
2026-06-04 22:09:04.404,423,1,100.00,25.63
2026-06-04 22:09:04.437,424,1,100.00,27.58
2026-06-04 22:09:04.470,425,1,100.00,29.67
2026-06-04 22:09:04.505,426,1,100.00,31.64
2026-06-04 22:09:04.549,427,1,100.00,38.14
2026-06-04 22:09:04.584,428,1,100.00,31.56
2026-06-04 22:09:04.616,429,1,100.00,28.77
2026-06-04 22:09:04.654,430,1,100.00,33.80
2026-06-04 22:09:04.705,431,1,100.00,42.62
2026-06-04 22:09:04.753,432,1,100.00,44.52
2026-06-04 22:09:04.797,433,1,100.00,25.72
2026-06-04 22:09:04.831,434,1,100.00,27.73
2026-06-04 22:09:04.887,435,1,100.00,38.94
2026-06-04 22:09:04.929,436,1,100.00,34.02
2026-06-04 22:09:04.975,437,1,100.00,31.80
2026-06-04 22:09:05.022,438,1,100.00,32.16
2026-06-04 22:09:05.065,439,1,100.00,29.55
2026-06-04 22:09:05.121,440,1,100.00,39.17
2026-06-04 22:09:05.170,441,1,100.00,42.56
2026-06-04 22:09:05.232,442,1,100.00,43.26
2026-06-04 22:09:05.288,443,1,100.00,38.06
2026-06-04 22:09:05.335,444,1,100.00,39.20
2026-06-04 22:09:05.375,445,1,100.00,34.00
2026-06-04 22:09:05.426,446,1,100.00,37.75
2026-06-04 22:09:05.471,447,1,100.00,35.70
2026-06-04 22:09:05.517,448,1,100.00,36.85
2026-06-04 22:09:05.557,449,1,100.00,29.34
2026-06-04 22:09:05.622,450,1,100.00,47.21
2026-06-04 22:09:05.669,451,1,100.00,32.06
2026-06-04 22:09:05.734,452,1,100.00,50.68
2026-06-04 22:09:05.807,453,1,100.00,62.28
2026-06-04 22:09:05.891,454,1,100.00,66.71
2026-06-04 22:09:05.971,455,1,100.00,76.77
2026-06-04 22:09:06.060,456,1,100.00,82.69
2026-06-04 22:09:06.139,457,1,100.00,74.25
2026-06-04 22:09:06.241,458,1,100.00,90.65
2026-06-04 22:09:06.338,459,1,100.00,87.01
2026-06-04 22:09:06.431,460,1,100.00,80.03
2026-06-04 22:09:06.525,461,1,100.00,89.84
2026-06-04 22:09:06.618,462,1,100.00,87.33
2026-06-04 22:09:06.702,463,1,100.00,70.82
2026-06-04 22:09:06.802,464,1,100.00,93.00
2026-06-04 22:09:06.906,465,1,100.00,98.68
2026-06-04 22:09:07.002,466,1,100.00,91.69
2026-06-04 22:09:07.100,467,1,100.00,91.74
2026-06-04 22:09:07.194,468,1,100.00,88.71
2026-06-04 22:09:07.265,469,1,100.00,61.31
2026-06-04 22:09:07.358,470,1,100.00,87.52
2026-06-04 22:09:07.461,471,1,100.00,99.21
2026-06-04 22:09:07.564,472,1,100.00,98.74
2026-06-04 22:09:07.658,473,1,100.00,90.11
2026-06-04 22:09:07.757,474,1,100.00,95.41
2026-06-04 22:09:07.843,475,1,100.00,80.88
2026-06-04 22:09:07.957,476,1,100.00,96.43
2026-06-04 22:09:08.055,477,1,100.00,88.78
2026-06-04 22:09:08.142,478,1,100.00,81.62
2026-06-04 22:09:08.202,479,1,100.00,56.19
2026-06-04 22:09:08.292,480,1,100.00,86.53
2026-06-04 22:09:08.379,481,1,100.00,81.87
2026-06-04 22:09:08.474,482,1,100.00,88.69
2026-06-04 22:09:08.577,483,1,100.00,93.72
2026-06-04 22:09:08.656,484,1,100.00,75.74
2026-06-04 22:09:08.750,485,1,100.00,78.65
2026-06-04 22:09:08.842,486,1,100.00,80.34
2026-06-04 22:09:08.936,487,1,100.00,89.19
2026-06-04 22:09:09.015,488,1,100.00,74.28
2026-06-04 22:09:09.103,489,1,100.00,75.74
2026-06-04 22:09:09.213,490,1,100.00,90.20
2026-06-04 22:09:09.307,491,1,100.00,90.18
2026-06-04 22:09:09.384,492,1,100.00,70.98
2026-06-04 22:09:09.472,493,1,100.00,83.54
2026-06-04 22:09:09.557,494,1,100.00,81.30
2026-06-04 22:09:09.658,495,1,100.00,84.29
2026-06-04 22:09:09.748,496,1,100.00,83.20
2026-06-04 22:09:09.836,497,1,100.00,77.15
2026-06-04 22:09:09.906,498,1,100.00,64.63
2026-06-04 22:09:09.973,499,1,100.00,57.99
2026-06-04 22:09:10.056,500,1,100.00,64.17
2026-06-04 22:09:10.141,501,1,100.00,71.38
2026-06-04 22:09:10.207,502,1,100.00,63.09
2026-06-04 22:09:10.295,503,1,100.00,83.87
2026-06-04 22:09:10.390,504,1,100.00,89.27
2026-06-04 22:09:10.479,505,1,100.00,83.02
2026-06-04 22:09:10.567,506,1,100.00,79.68
2026-06-04 22:09:10.656,507,1,100.00,83.99
2026-06-04 22:09:10.741,508,1,100.00,80.90
2026-06-04 22:09:10.830,509,1,100.00,84.02
2026-06-04 22:09:10.936,510,1,100.00,88.89
2026-06-04 22:09:11.028,511,1,100.00,85.79
2026-06-04 22:09:11.129,512,1,100.00,80.07
2026-06-04 22:09:11.215,513,1,100.00,73.66
2026-06-04 22:09:11.306,514,1,100.00,85.05
2026-06-04 22:09:11.402,515,1,100.00,87.96
2026-06-04 22:09:11.507,516,1,100.00,85.64
2026-06-04 22:09:11.591,517,1,100.00,73.56
2026-06-04 22:09:11.701,518,1,100.00,88.77
2026-06-04 22:09:11.790,519,1,100.00,84.52
2026-06-04 22:09:11.872,520,1,100.00,74.29
2026-06-04 22:09:11.943,521,1,100.00,68.16
2026-06-04 22:09:12.019,522,1,100.00,65.22
2026-06-04 22:09:12.084,523,1,100.00,48.74
2026-06-04 22:09:12.157,524,1,100.00,63.95
2026-06-04 22:09:12.228,525,1,100.00,66.94
2026-06-04 22:09:12.336,526,1,100.00,88.23
2026-06-04 22:09:12.432,527,1,100.00,88.15
2026-06-04 22:09:12.517,528,1,100.00,80.90
2026-06-04 22:09:12.615,529,1,100.00,86.00
2026-06-04 22:09:12.700,530,1,100.00,76.45
2026-06-04 22:09:12.790,531,1,100.00,85.38
2026-06-04 22:09:12.904,532,1,100.00,95.89
2026-06-04 22:09:13.005,533,1,100.00,97.88
2026-06-04 22:09:13.104,534,1,100.00,92.43
2026-06-04 22:09:13.191,535,1,100.00,82.28
2026-06-04 22:09:13.253,536,1,100.00,56.19
2026-06-04 22:09:13.315,537,1,100.00,55.51
2026-06-04 22:09:13.378,538,1,100.00,55.90
2026-06-04 22:09:13.437,539,1,100.00,52.75
2026-06-04 22:09:13.500,540,1,100.00,53.26
2026-06-04 22:09:13.565,541,1,100.00,56.96
2026-06-04 22:09:13.631,542,1,100.00,61.83
2026-06-04 22:09:13.707,543,1,100.00,70.19
2026-06-04 22:09:13.801,544,1,100.00,74.29
2026-06-04 22:09:13.879,545,1,100.00,59.39
2026-06-04 22:09:13.965,546,1,100.00,79.92
2026-06-04 22:09:14.050,547,1,100.00,74.31
2026-06-04 22:09:14.129,548,1,100.00,74.40
2026-06-04 22:09:14.217,549,1,100.00,84.12
2026-06-04 22:09:14.281,550,1,100.00,59.49
2026-06-04 22:09:14.354,551,1,100.00,53.90
2026-06-04 22:09:14.416,552,1,100.00,52.07
2026-06-04 22:09:14.480,553,1,100.00,53.82
2026-06-04 22:09:14.554,554,1,100.00,65.18
2026-06-04 22:09:14.659,555,1,100.00,92.52
2026-06-04 22:09:14.757,556,1,100.00,80.32
2026-06-04 22:09:14.863,557,1,100.00,92.87
2026-06-04 22:09:14.959,558,1,100.00,89.38
2026-06-04 22:09:15.058,559,1,100.00,94.65
2026-06-04 22:09:15.157,560,1,100.00,89.51
2026-06-04 22:09:15.253,561,1,100.00,93.47
2026-06-04 22:09:15.369,562,1,100.00,94.21
2026-06-04 22:09:15.468,563,1,100.00,87.50
2026-06-04 22:09:15.567,564,1,100.00,93.29
2026-06-04 22:09:15.661,565,1,100.00,89.48
2026-06-04 22:09:15.761,566,1,100.00,96.34
2026-06-04 22:09:15.850,567,1,100.00,83.61
2026-06-04 22:09:15.949,568,1,100.00,90.76
2026-06-04 22:09:16.035,569,1,100.00,80.04
2026-06-04 22:09:16.105,570,1,100.00,58.99
2026-06-04 22:09:16.206,571,1,100.00,81.00
2026-06-04 22:09:16.302,572,1,100.00,88.27
2026-06-04 22:09:16.394,573,1,100.00,85.52
2026-06-04 22:09:16.473,574,1,100.00,74.92
2026-06-04 22:09:16.568,575,1,100.00,85.83
2026-06-04 22:09:16.659,576,1,100.00,83.26
2026-06-04 22:09:16.765,577,1,100.00,96.10
2026-06-04 22:09:16.867,578,1,100.00,88.69
2026-06-04 22:09:16.975,579,1,100.00,90.55
2026-06-04 22:09:17.073,580,1,100.00,91.79
2026-06-04 22:09:17.163,581,1,100.00,86.21
2026-06-04 22:09:17.257,582,1,100.00,87.69
2026-06-04 22:09:17.356,583,1,100.00,93.64
2026-06-04 22:09:17.457,584,1,100.00,92.88
2026-06-04 22:09:17.557,585,1,100.00,85.73
2026-06-04 22:09:17.645,586,1,100.00,83.37
2026-06-04 22:09:17.745,587,1,100.00,94.87
2026-06-04 22:09:17.837,588,1,100.00,80.96
2026-06-04 22:09:17.923,589,1,100.00,79.86
2026-06-04 22:09:17.997,590,1,100.00,70.78
2026-06-04 22:09:18.074,591,1,100.00,69.77
2026-06-04 22:09:18.187,592,1,100.00,104.08
2026-06-04 22:09:18.281,593,1,100.00,87.43
2026-06-04 22:09:18.373,594,1,100.00,87.17
2026-06-04 22:09:18.475,595,1,100.00,98.26
2026-06-04 22:09:18.566,596,1,100.00,84.39
2026-06-04 22:09:18.635,597,1,100.00,61.37
2026-06-04 22:09:18.707,598,1,100.00,62.88
2026-06-04 22:09:18.788,599,1,100.00,64.78
2026-06-04 22:09:18.867,600,1,100.00,74.08
2026-06-04 22:09:18.954,601,1,100.00,74.58
2026-06-04 22:09:19.043,602,1,100.00,72.34
2026-06-04 22:09:19.116,603,1,100.00,66.38
2026-06-04 22:09:19.187,604,1,100.00,57.94
2026-06-04 22:09:19.271,605,1,100.00,63.73
2026-06-04 22:09:19.350,606,1,100.00,75.02
2026-06-04 22:09:19.440,607,1,100.00,84.78
2026-06-04 22:09:19.527,608,1,100.00,75.09
2026-06-04 22:09:19.611,609,1,100.00,79.25
2026-06-04 22:09:19.700,610,1,100.00,83.73
2026-06-04 22:09:19.783,611,1,100.00,80.15
2026-06-04 22:09:19.867,612,1,100.00,78.95
2026-06-04 22:09:19.961,613,1,100.00,84.91
2026-06-04 22:09:20.045,614,1,100.00,77.04
2026-06-04 22:09:20.136,615,1,100.00,86.17
2026-06-04 22:09:20.216,616,1,100.00,74.95
2026-06-04 22:09:20.315,617,1,100.00,85.72
2026-06-04 22:09:20.413,618,1,100.00,91.66
2026-06-04 22:09:20.520,619,1,100.00,102.10
2026-06-04 22:09:20.566,620,1,100.00,43.19
2026-06-04 22:09:20.602,621,1,100.00,27.92
2026-06-04 22:09:20.629,622,1,100.00,24.31
2026-06-04 22:09:20.681,623,1,100.00,35.92
2026-06-04 22:09:20.721,624,1,100.00,28.41
2026-06-04 22:09:20.750,625,1,100.00,24.62
2026-06-04 22:09:20.782,626,1,100.00,26.72
2026-06-04 22:09:20.812,627,1,100.00,25.83
2026-06-04 22:09:20.843,628,1,100.00,25.19
2026-06-04 22:09:20.876,629,1,100.00,27.44
2026-06-04 22:09:20.907,630,1,100.00,26.96
2026-06-04 22:09:20.940,631,1,100.00,29.33
2026-06-04 22:09:20.976,632,1,100.00,32.86
2026-06-04 22:09:21.008,633,1,100.00,28.90
2026-06-04 22:09:21.047,634,1,100.00,25.09
2026-06-04 22:09:21.079,635,1,100.00,27.31
2026-06-04 22:09:21.109,636,1,100.00,26.16
2026-06-04 22:09:21.143,637,1,100.00,27.23
2026-06-04 22:09:21.171,638,1,100.00,25.94
2026-06-04 22:09:21.204,639,1,100.00,26.68
2026-06-04 22:09:21.234,640,1,100.00,26.15
2026-06-04 22:09:21.264,641,1,100.00,25.73
2026-06-04 22:09:21.297,642,1,100.00,26.80
2026-06-04 22:09:21.330,643,1,100.00,27.36
2026-06-04 22:09:21.359,644,1,100.00,24.89
2026-06-04 22:09:21.390,645,1,100.00,26.13
2026-06-04 22:09:21.423,646,1,100.00,27.95
2026-06-04 22:09:21.475,647,1,100.00,31.91
2026-06-04 22:09:21.540,648,1,100.00,48.94
2026-06-04 22:09:21.576,649,1,100.00,24.21
2026-06-04 22:09:21.609,650,1,100.00,27.20
2026-06-04 22:09:21.642,651,1,100.00,28.29
2026-06-04 22:09:21.671,652,1,100.00,25.93
2026-06-04 22:09:21.703,653,1,100.00,26.56
2026-06-04 22:09:21.734,654,1,100.00,26.62
2026-06-04 22:09:21.766,655,1,100.00,26.49
2026-06-04 22:09:21.817,656,1,100.00,31.59
2026-06-04 22:09:21.862,657,1,100.00,28.55
2026-06-04 22:09:21.907,658,1,100.00,26.18
2026-06-04 22:09:21.951,659,1,100.00,26.29
2026-06-04 22:09:21.980,660,1,100.00,24.79
2026-06-04 22:09:22.016,661,1,100.00,29.16
2026-06-04 22:09:22.048,662,1,100.00,28.59
2026-06-04 22:09:22.095,663,1,100.00,30.71
2026-06-04 22:09:22.123,664,1,100.00,25.85
2026-06-04 22:09:22.153,665,1,100.00,25.69
2026-06-04 22:09:22.185,666,1,100.00,26.29
2026-06-04 22:09:22.216,667,1,100.00,26.41
2026-06-04 22:09:22.246,668,1,100.00,25.39
2026-06-04 22:09:22.282,669,1,100.00,30.61
2026-06-04 22:09:22.331,670,1,100.00,33.18
2026-06-04 22:09:22.370,671,1,100.00,24.57
2026-06-04 22:09:22.407,672,1,100.00,29.63
2026-06-04 22:09:22.453,673,1,100.00,29.23
2026-06-04 22:09:22.498,674,1,100.00,39.67
2026-06-04 22:09:22.528,675,1,100.00,25.37
2026-06-04 22:09:22.559,676,1,100.00,25.27
2026-06-04 22:09:22.591,677,1,100.00,30.21
2026-06-04 22:09:22.618,678,1,100.00,24.67
2026-06-04 22:09:22.664,679,1,100.00,37.48
2026-06-04 22:09:22.702,680,1,100.00,28.21
2026-06-04 22:09:22.748,681,1,100.00,28.24
2026-06-04 22:09:22.793,682,1,100.00,27.95
2026-06-04 22:09:22.824,683,1,100.00,28.01
2026-06-04 22:09:22.867,684,1,100.00,42.05
2026-06-04 22:09:22.907,685,1,100.00,32.70
2026-06-04 22:09:22.936,686,1,100.00,25.94
2026-06-04 22:09:22.963,687,1,100.00,26.21
2026-06-04 22:09:23.000,688,1,100.00,33.18
2026-06-04 22:09:23.029,689,1,100.00,25.26
2026-06-04 22:09:23.078,690,1,100.00,33.18
2026-06-04 22:09:23.121,691,1,100.00,29.17
2026-06-04 22:09:23.150,692,1,100.00,26.97
2026-06-04 22:09:23.179,693,1,100.00,24.98
2026-06-04 22:09:23.210,694,1,100.00,25.17
2026-06-04 22:09:23.243,695,1,100.00,27.88
2026-06-04 22:09:23.271,696,1,100.00,24.76
2026-06-04 22:09:23.303,697,1,100.00,25.87
2026-06-04 22:09:23.335,698,1,100.00,25.88
2026-06-04 22:09:23.365,699,1,100.00,25.72
2026-06-04 22:09:23.399,700,1,100.00,28.00
2026-06-04 22:09:23.444,701,1,100.00,26.81
2026-06-04 22:09:23.472,702,1,100.00,28.32
2026-06-04 22:09:23.498,703,1,100.00,24.97
2026-06-04 22:09:23.538,704,1,100.00,27.74
2026-06-04 22:09:23.571,705,1,100.00,29.57
2026-06-04 22:09:23.623,706,1,100.00,34.35
2026-06-04 22:09:23.660,707,1,100.00,33.87
2026-06-04 22:09:23.689,708,1,100.00,24.23
2026-06-04 22:09:23.724,709,1,100.00,28.66
2026-06-04 22:09:23.757,710,1,100.00,30.83
2026-06-04 22:09:23.792,711,1,100.00,30.81
2026-06-04 22:09:23.821,712,1,100.00,26.33
2026-06-04 22:09:23.864,713,1,100.00,28.06
2026-06-04 22:09:23.895,714,1,100.00,28.04
2026-06-04 22:09:23.927,715,1,100.00,28.25
2026-06-04 22:09:23.955,716,1,100.00,25.92
2026-06-04 22:09:23.993,717,1,100.00,30.70
2026-06-04 22:09:24.022,718,1,100.00,26.97
2026-06-04 22:09:24.066,719,1,100.00,27.08
2026-06-04 22:09:24.093,720,1,100.00,27.88
2026-06-04 22:09:24.123,721,1,100.00,26.15
2026-06-04 22:09:24.151,722,1,100.00,24.65
2026-06-04 22:09:24.195,723,1,100.00,33.11
2026-06-04 22:09:24.249,724,1,100.00,40.77
2026-06-04 22:09:24.279,725,1,100.00,29.30
2026-06-04 22:09:24.313,726,1,100.00,28.18
2026-06-04 22:09:24.351,727,1,100.00,33.60
2026-06-04 22:09:24.380,728,1,100.00,28.53
2026-06-04 22:09:24.420,729,1,100.00,24.76
2026-06-04 22:09:24.447,730,1,100.00,26.45
2026-06-04 22:09:24.479,731,1,100.00,29.74
2026-06-04 22:09:24.515,732,1,100.00,28.53
2026-06-04 22:09:24.545,733,1,100.00,27.87
2026-06-04 22:09:24.576,734,1,100.00,28.61
2026-06-04 22:09:24.607,735,1,100.00,26.27
2026-06-04 22:09:24.639,736,1,100.00,28.32
2026-06-04 22:09:24.685,737,1,100.00,28.32
2026-06-04 22:09:24.722,738,1,100.00,33.30
2026-06-04 22:09:24.757,739,1,100.00,31.76
2026-06-04 22:09:24.787,740,1,100.00,27.82
2026-06-04 22:09:24.823,741,1,100.00,26.69
2026-06-04 22:09:24.849,742,1,100.00,24.32
2026-06-04 22:09:24.887,743,1,100.00,28.01
2026-06-04 22:09:24.932,744,1,100.00,26.74
2026-06-04 22:09:24.965,745,1,100.00,28.03
2026-06-04 22:09:24.995,746,1,100.00,26.52
2026-06-04 22:09:25.025,747,1,100.00,24.87
2026-06-04 22:09:25.057,748,1,100.00,26.05
2026-06-04 22:09:25.088,749,1,100.00,26.34
2026-06-04 22:09:25.120,750,1,100.00,26.95
2026-06-04 22:09:25.150,751,1,100.00,26.31
2026-06-04 22:09:25.184,752,1,100.00,29.04
2026-06-04 22:09:25.213,753,1,100.00,27.27
2026-06-04 22:09:25.241,754,1,100.00,25.01
2026-06-04 22:09:25.277,755,1,100.00,29.30
2026-06-04 22:09:25.307,756,1,100.00,26.67
2026-06-04 22:09:25.351,757,1,100.00,25.44
2026-06-04 22:09:25.380,758,1,100.00,24.18
2026-06-04 22:09:25.415,759,1,100.00,27.86
2026-06-04 22:09:25.446,760,1,100.00,26.85
2026-06-04 22:09:25.474,761,1,100.00,23.90
2026-06-04 22:09:25.511,762,1,100.00,30.60
2026-06-04 22:09:25.541,763,1,100.00,25.44
2026-06-04 22:09:25.588,764,1,100.00,29.98
2026-06-04 22:09:25.636,765,1,100.00,29.57
2026-06-04 22:09:25.680,766,1,100.00,26.93
2026-06-04 22:09:25.724,767,1,100.00,26.29
2026-06-04 22:09:25.756,768,1,100.00,26.92
2026-06-04 22:09:25.787,769,1,100.00,27.76
2026-06-04 22:09:25.817,770,1,100.00,26.78
2026-06-04 22:09:25.846,771,1,100.00,24.78
2026-06-04 22:09:25.881,772,1,100.00,27.73
2026-06-04 22:09:25.913,773,1,100.00,29.06
2026-06-04 22:09:25.984,774,1,100.00,50.28
2026-06-04 22:09:26.065,775,1,100.00,71.47
2026-06-04 22:09:26.151,776,1,100.00,82.01
2026-06-04 22:09:26.252,777,1,100.00,86.66
2026-06-04 22:09:26.332,778,1,100.00,75.02
2026-06-04 22:09:26.442,779,1,100.00,90.29
2026-06-04 22:09:26.543,780,1,100.00,82.59
2026-06-04 22:09:26.628,781,1,100.00,74.51
2026-06-04 22:09:26.713,782,1,100.00,80.08
2026-06-04 22:09:26.793,783,1,100.00,68.76
2026-06-04 22:09:26.855,784,1,100.00,51.86
2026-06-04 22:09:26.904,785,1,100.00,35.46
2026-06-04 22:09:26.944,786,1,100.00,36.12
2026-06-04 22:09:26.977,787,1,100.00,31.21
2026-06-04 22:09:27.017,788,1,100.00,26.94
2026-06-04 22:09:27.043,789,1,100.00,24.43
2026-06-04 22:09:27.081,790,1,100.00,27.26
2026-06-04 22:09:27.134,791,1,100.00,32.75
2026-06-04 22:09:27.187,792,1,100.00,38.81
2026-06-04 22:09:27.215,793,1,100.00,25.72
2026-06-04 22:09:27.244,794,1,100.00,24.84
2026-06-04 22:09:27.276,795,1,100.00,28.91
2026-06-04 22:09:27.335,796,1,100.00,45.69
2026-06-04 22:09:27.366,797,1,100.00,26.90
2026-06-04 22:09:27.407,798,1,100.00,26.86
2026-06-04 22:09:27.441,799,1,100.00,29.30
2026-06-04 22:09:29.255,800,1,100.00,30.36
2026-06-04 22:09:29.289,801,1,100.00,25.96
2026-06-04 22:09:29.321,802,1,100.00,26.40
2026-06-04 22:09:29.350,803,1,100.00,28.64
2026-06-04 22:09:29.382,804,1,100.00,26.42
2026-06-04 22:09:29.412,805,1,100.00,25.21
2026-06-04 22:09:29.447,806,1,100.00,26.99
2026-06-04 22:09:29.475,807,1,100.00,25.25
2026-06-04 22:09:29.506,808,1,100.00,24.91
2026-06-04 22:09:29.537,809,1,100.00,26.33
2026-06-04 22:09:29.569,810,1,100.00,26.10
2026-06-04 22:09:29.602,811,1,100.00,26.94
2026-06-04 22:09:29.634,812,1,100.00,27.46
2026-06-04 22:09:29.662,813,1,100.00,24.59
2026-06-04 22:09:29.695,814,1,100.00,25.64
2026-06-04 22:09:29.728,815,1,100.00,27.64
2026-06-04 22:09:29.757,816,1,100.00,25.59
2026-06-04 22:09:29.788,817,1,100.00,26.26
2026-06-04 22:09:29.825,818,1,100.00,31.56
2026-06-04 22:09:29.863,819,1,100.00,35.28
2026-06-04 22:09:29.894,820,1,100.00,23.58
2026-06-04 22:09:29.921,821,1,100.00,25.63
2026-06-04 22:09:29.961,822,1,100.00,28.59
2026-06-04 22:09:30.002,823,1,100.00,23.96
2026-06-04 22:09:30.035,824,1,100.00,27.61
2026-06-04 22:09:30.064,825,1,100.00,25.65
2026-06-04 22:09:30.097,826,1,100.00,26.57
2026-06-04 22:09:30.127,827,1,100.00,25.51
2026-06-04 22:09:30.158,828,1,100.00,24.98
2026-06-04 22:09:30.191,829,1,100.00,26.98
2026-06-04 22:09:30.220,830,1,100.00,24.70
2026-06-04 22:09:30.252,831,1,100.00,25.26
2026-06-04 22:09:30.283,832,1,100.00,26.25
2026-06-04 22:09:30.315,833,1,100.00,26.95
2026-06-04 22:09:30.343,834,1,100.00,27.00
2026-06-04 22:09:30.381,835,1,100.00,29.66
2026-06-04 22:09:30.411,836,1,100.00,26.65
2026-06-04 22:09:30.440,837,1,100.00,26.66
2026-06-04 22:09:30.470,838,1,100.00,25.32
2026-06-04 22:09:30.497,839,1,100.00,26.04
2026-06-04 22:09:30.535,840,1,100.00,28.93
2026-06-04 22:09:30.580,841,1,100.00,28.01
2026-06-04 22:09:30.622,842,1,100.00,24.96
2026-06-04 22:09:30.649,843,1,100.00,25.93
2026-06-04 22:09:30.677,844,1,100.00,24.98
2026-06-04 22:09:30.725,845,1,100.00,33.15
2026-06-04 22:09:30.765,846,1,100.00,27.65
2026-06-04 22:09:30.793,847,1,100.00,24.60
2026-06-04 22:09:30.823,848,1,100.00,24.78
2026-06-04 22:09:30.850,849,1,100.00,26.71
2026-06-04 22:09:30.886,850,1,100.00,25.75
2026-06-04 22:09:30.917,851,1,100.00,26.92
2026-06-04 22:09:30.946,852,1,100.00,24.81
2026-06-04 22:09:30.978,853,1,100.00,25.62
2026-06-04 22:09:31.008,854,1,100.00,25.24
2026-06-04 22:09:31.041,855,1,100.00,26.62
2026-06-04 22:09:31.069,856,1,100.00,24.66
2026-06-04 22:09:31.097,857,1,100.00,27.42
2026-06-04 22:09:31.132,858,1,100.00,25.79
2026-06-04 22:09:31.165,859,1,100.00,27.61
2026-06-04 22:09:31.196,860,1,100.00,26.47
2026-06-04 22:09:31.229,861,1,100.00,26.94
2026-06-04 22:09:31.261,862,1,100.00,28.05
2026-06-04 22:09:31.290,863,1,100.00,24.62
2026-06-04 22:09:31.327,864,1,100.00,29.78
2026-06-04 22:09:31.382,865,1,100.00,38.75
2026-06-04 22:09:31.420,866,1,100.00,29.84
2026-06-04 22:09:31.476,867,1,100.00,39.85
2026-06-04 22:09:31.514,868,1,100.00,29.93
2026-06-04 22:09:31.567,869,1,100.00,35.61
2026-06-04 22:09:31.596,870,1,100.00,27.49
2026-06-04 22:09:31.653,871,1,100.00,43.69
2026-06-04 22:09:31.688,872,1,100.00,33.26
2026-06-04 22:09:31.718,873,1,100.00,25.75
2026-06-04 22:09:31.750,874,1,100.00,27.93
2026-06-04 22:09:31.791,875,1,100.00,26.09
2026-06-04 22:09:31.825,876,1,100.00,28.32
2026-06-04 22:09:31.854,877,1,100.00,26.02
2026-06-04 22:09:31.886,878,1,100.00,27.79
2026-06-04 22:09:31.916,879,1,100.00,27.23
2026-06-04 22:09:31.948,880,1,100.00,27.20
2026-06-04 22:09:31.980,881,1,100.00,28.31
2026-06-04 22:09:32.031,882,1,100.00,32.63
2026-06-04 22:09:32.071,883,1,100.00,27.07
2026-06-04 22:09:32.099,884,1,100.00,24.77
2026-06-04 22:09:32.133,885,1,100.00,26.92
2026-06-04 22:09:32.163,886,1,100.00,26.12
2026-06-04 22:09:32.197,887,1,100.00,28.08
2026-06-04 22:09:32.226,888,1,100.00,25.26
2026-06-04 22:09:32.258,889,1,100.00,27.23
2026-06-04 22:09:32.288,890,1,100.00,25.02
2026-06-04 22:09:32.320,891,1,100.00,25.50
2026-06-04 22:09:32.358,892,1,100.00,32.76
2026-06-04 22:09:32.397,893,1,100.00,25.22
2026-06-04 22:09:32.429,894,1,100.00,26.80
2026-06-04 22:09:32.459,895,1,100.00,25.80
2026-06-04 22:09:32.489,896,1,100.00,26.33
2026-06-04 22:09:32.521,897,1,100.00,26.75
2026-06-04 22:09:32.550,898,1,100.00,24.90
2026-06-04 22:09:32.583,899,1,100.00,26.47
2026-06-04 22:09:32.614,900,1,100.00,25.37
2026-06-04 22:09:32.643,901,1,100.00,24.25
2026-06-04 22:09:32.675,902,1,100.00,25.34
2026-06-04 22:09:32.709,903,1,100.00,27.92
2026-06-04 22:09:32.736,904,1,100.00,24.45
2026-06-04 22:09:32.770,905,1,100.00,26.87
2026-06-04 22:09:32.801,906,1,100.00,25.97
2026-06-04 22:09:32.831,907,1,100.00,25.69
2026-06-04 22:09:32.863,908,1,100.00,26.01
2026-06-04 22:09:32.893,909,1,100.00,25.23
2026-06-04 22:09:32.932,910,1,100.00,32.01
2026-06-04 22:09:32.965,911,1,100.00,30.11
2026-06-04 22:09:33.002,912,1,100.00,24.58
2026-06-04 22:09:33.033,913,1,100.00,24.92
2026-06-04 22:09:33.064,914,1,100.00,24.76
2026-06-04 22:09:33.099,915,1,100.00,29.07
2026-06-04 22:09:33.141,916,1,100.00,24.72
2026-06-04 22:09:33.173,917,1,100.00,26.39
2026-06-04 22:09:33.205,918,1,100.00,25.95
2026-06-04 22:09:33.235,919,1,100.00,25.25
2026-06-04 22:09:33.265,920,1,100.00,24.64
2026-06-04 22:09:33.307,921,1,100.00,36.10
2026-06-04 22:09:33.382,922,1,100.00,70.72
2026-06-04 22:09:33.468,923,1,100.00,72.34
2026-06-04 22:09:33.559,924,1,100.00,85.43
2026-06-04 22:09:33.630,925,1,100.00,61.03
2026-06-04 22:09:33.708,926,1,100.00,61.36
2026-06-04 22:09:33.778,927,1,100.00,65.62
2026-06-04 22:09:33.853,928,1,100.00,66.02
2026-06-04 22:09:33.930,929,1,100.00,66.07
2026-06-04 22:09:34.009,930,1,100.00,67.38
2026-06-04 22:09:34.090,931,1,100.00,70.31
2026-06-04 22:09:34.167,932,1,100.00,71.49
2026-06-04 22:09:34.232,933,1,100.00,58.44
2026-06-04 22:09:34.332,934,1,100.00,81.18
2026-06-04 22:09:34.428,935,1,100.00,84.93
2026-06-04 22:09:34.516,936,1,100.00,80.80
2026-06-04 22:09:34.601,937,1,100.00,81.10
2026-06-04 22:09:34.718,938,1,100.00,96.13
2026-06-04 22:09:34.807,939,1,100.00,77.21
2026-06-04 22:09:34.908,940,1,100.00,82.84
2026-06-04 22:09:34.994,941,1,100.00,76.30
2026-06-04 22:09:35.059,942,1,100.00,61.23
2026-06-04 22:09:35.136,943,1,100.00,60.67
2026-06-04 22:09:35.219,944,1,100.00,65.93
2026-06-04 22:09:35.291,945,1,100.00,63.09
2026-06-04 22:09:35.366,946,1,100.00,60.84
2026-06-04 22:09:35.460,947,1,100.00,77.04
2026-06-04 22:09:35.550,948,1,100.00,74.95
2026-06-04 22:09:35.637,949,1,100.00,69.25
2026-06-04 22:09:35.711,950,1,100.00,69.46
2026-06-04 22:09:35.784,951,1,100.00,62.38
2026-06-04 22:09:35.850,952,1,100.00,62.04
2026-06-04 22:09:35.922,953,1,100.00,60.03
2026-06-04 22:09:35.999,954,1,100.00,58.15
2026-06-04 22:09:36.066,955,1,100.00,63.01
2026-06-04 22:09:36.162,956,1,100.00,81.55
2026-06-04 22:09:36.252,957,1,100.00,77.93
2026-06-04 22:09:36.357,958,1,100.00,89.95
2026-06-04 22:09:36.436,959,1,100.00,73.38
2026-06-04 22:09:36.504,960,1,100.00,64.16
2026-06-04 22:09:36.589,961,1,100.00,71.06
2026-06-04 22:09:36.673,962,1,100.00,76.16
2026-06-04 22:09:36.764,963,1,100.00,84.73
2026-06-04 22:09:36.861,964,1,100.00,91.50
2026-06-04 22:09:36.960,965,1,100.00,92.60
2026-06-04 22:09:37.049,966,1,100.00,84.13
2026-06-04 22:09:37.122,967,1,100.00,68.74
2026-06-04 22:09:37.191,968,1,100.00,64.22
2026-06-04 22:09:37.254,969,1,100.00,59.75
2026-06-04 22:09:37.327,970,1,100.00,67.88
2026-06-04 22:09:37.422,971,1,100.00,77.77
2026-06-04 22:09:37.522,972,1,100.00,95.47
2026-06-04 22:09:37.594,973,1,100.00,68.32
2026-06-04 22:09:37.698,974,1,100.00,86.40
2026-06-04 22:09:37.790,975,1,100.00,88.24
2026-06-04 22:09:37.883,976,1,100.00,84.69
2026-06-04 22:09:37.965,977,1,100.00,77.96
2026-06-04 22:09:38.058,978,1,100.00,85.95
2026-06-04 22:09:38.134,979,1,100.00,71.10
2026-06-04 22:09:38.237,980,1,100.00,99.31
2026-06-04 22:09:38.310,981,1,100.00,66.99
2026-06-04 22:09:38.394,982,1,100.00,66.07
2026-06-04 22:09:38.484,983,1,100.00,77.51
2026-06-04 22:09:38.580,984,1,100.00,80.95
2026-06-04 22:09:38.672,985,1,100.00,79.02
2026-06-04 22:09:38.781,986,1,100.00,93.68
2026-06-04 22:09:38.899,987,1,100.00,112.01
2026-06-04 22:09:38.992,988,1,100.00,88.50
2026-06-04 22:09:39.059,989,1,100.00,61.17
2026-06-04 22:09:39.140,990,1,100.00,77.94
2026-06-04 22:09:39.228,991,1,100.00,83.81
2026-06-04 22:09:39.319,992,1,100.00,86.93
2026-06-04 22:09:39.407,993,1,100.00,78.12
2026-06-04 22:09:39.498,994,1,100.00,76.06
2026-06-04 22:09:39.572,995,1,100.00,70.67
2026-06-04 22:09:39.647,996,1,100.00,69.01
2026-06-04 22:09:39.740,997,1,100.00,86.28
2026-06-04 22:09:39.825,998,1,100.00,80.95
2026-06-04 22:09:39.945,999,1,100.00,107.82
2026-06-04 22:09:40.027,1000,1,100.00,77.96
2026-06-04 22:09:40.124,1001,1,100.00,83.26
2026-06-04 22:09:40.193,1002,1,100.00,60.15
2026-06-04 22:09:40.275,1003,1,100.00,63.28
2026-06-04 22:09:40.383,1004,1,100.00,92.56
2026-06-04 22:09:40.458,1005,1,100.00,72.16
2026-06-04 22:09:40.532,1006,1,100.00,67.42
2026-06-04 22:09:40.618,1007,1,100.00,74.80
2026-06-04 22:09:40.696,1008,1,100.00,59.35
2026-06-04 22:09:40.801,1009,1,100.00,87.91
2026-06-04 22:09:40.894,1010,1,100.00,88.32
2026-06-04 22:09:40.993,1011,1,100.00,92.03
2026-06-04 22:09:41.094,1012,1,100.00,95.80
2026-06-04 22:09:41.211,1013,1,100.00,107.79
2026-06-04 22:09:41.319,1014,1,100.00,103.10
2026-06-04 22:09:41.428,1015,1,100.00,102.92
2026-06-04 22:09:41.540,1016,1,100.00,106.49
2026-06-04 22:09:41.652,1017,1,100.00,108.03
2026-06-04 22:09:41.759,1018,1,100.00,101.39
2026-06-04 22:09:41.881,1019,1,100.00,104.07
2026-06-04 22:09:42.006,1020,1,100.00,105.47
2026-06-04 22:09:42.079,1021,1,100.00,53.79
2026-06-04 22:09:42.141,1022,1,100.00,54.99
2026-06-04 22:09:42.216,1023,1,100.00,68.84
2026-06-04 22:09:42.302,1024,1,100.00,76.74
2026-06-04 22:09:42.381,1025,1,100.00,74.83
2026-06-04 22:09:42.474,1026,1,100.00,90.25
2026-06-04 22:09:42.562,1027,1,100.00,82.34
2026-06-04 22:09:42.642,1028,1,100.00,75.77
2026-06-04 22:09:42.721,1029,1,100.00,71.20
2026-06-04 22:09:42.807,1030,1,100.00,82.71
2026-06-04 22:09:42.894,1031,1,100.00,82.55
2026-06-04 22:09:42.985,1032,1,100.00,86.14
2026-06-04 22:09:43.086,1033,1,100.00,95.95
2026-06-04 22:09:43.179,1034,1,100.00,89.09
2026-06-04 22:09:43.276,1035,1,100.00,91.59
2026-06-04 22:09:43.402,1036,1,100.00,121.95
2026-06-04 22:09:43.492,1037,1,100.00,80.96
2026-06-04 22:09:43.587,1038,1,100.00,89.87
2026-06-04 22:09:43.688,1039,1,100.00,90.22
2026-06-04 22:09:43.818,1040,1,100.00,109.10
2026-06-04 22:09:43.913,1041,1,100.00,89.98
2026-06-04 22:09:44.020,1042,1,100.00,96.44
2026-06-04 22:09:44.127,1043,1,100.00,103.16
2026-06-04 22:09:44.238,1044,1,100.00,96.90
2026-06-04 22:09:44.337,1045,1,100.00,95.08
2026-06-04 22:09:44.432,1046,1,100.00,74.27
2026-06-04 22:09:44.513,1047,1,100.00,76.89
2026-06-04 22:09:44.590,1048,1,100.00,62.57
2026-06-04 22:09:44.679,1049,1,100.00,73.36
2026-06-04 22:09:44.780,1050,1,100.00,94.18
2026-06-04 22:09:44.879,1051,1,100.00,95.37
2026-06-04 22:09:44.985,1052,1,100.00,97.13
2026-06-04 22:09:45.088,1053,1,100.00,92.25
2026-06-04 22:09:45.191,1054,1,100.00,99.07
2026-06-04 22:09:45.286,1055,1,100.00,90.02
2026-06-04 22:09:45.383,1056,1,100.00,94.01
2026-06-04 22:09:45.485,1057,1,100.00,96.97
2026-06-04 22:09:45.590,1058,1,100.00,100.72
2026-06-04 22:09:45.684,1059,1,100.00,89.35
2026-06-04 22:09:45.777,1060,1,100.00,88.40
2026-06-04 22:09:45.867,1061,1,100.00,85.65
2026-06-04 22:09:45.980,1062,1,100.00,95.74
2026-06-04 22:09:46.072,1063,1,100.00,87.99
2026-06-04 22:09:46.164,1064,1,100.00,88.41
2026-06-04 22:09:46.260,1065,1,100.00,90.38
2026-06-04 22:09:46.383,1066,1,100.00,108.70
2026-06-04 22:09:46.487,1067,1,100.00,99.02
2026-06-04 22:09:46.590,1068,1,100.00,97.38
2026-06-04 22:09:46.693,1069,1,100.00,98.91
2026-06-04 22:09:46.783,1070,1,100.00,86.23
2026-06-04 22:09:46.888,1071,1,100.00,100.88
2026-06-04 22:09:46.994,1072,1,100.00,95.43
2026-06-04 22:09:47.095,1073,1,100.00,96.41
2026-06-04 22:09:47.192,1074,1,100.00,88.61
2026-06-04 22:09:47.275,1075,1,100.00,78.25
2026-06-04 22:09:47.383,1076,1,100.00,96.01
2026-06-04 22:09:47.465,1077,1,100.00,77.96
2026-06-04 22:09:47.568,1078,1,100.00,98.24
2026-06-04 22:09:47.674,1079,1,100.00,92.54
2026-06-04 22:09:47.758,1080,1,100.00,78.60
2026-06-04 22:09:47.838,1081,1,100.00,73.89
2026-06-04 22:09:47.937,1082,1,100.00,79.80
2026-06-04 22:09:48.040,1083,1,100.00,88.31
2026-06-04 22:09:48.139,1084,1,100.00,94.24
2026-06-04 22:09:48.232,1085,1,100.00,86.63
2026-06-04 22:09:48.320,1086,1,100.00,82.97
2026-06-04 22:09:48.420,1087,1,100.00,94.62
2026-06-04 22:09:48.529,1088,1,100.00,104.73
2026-06-04 22:09:48.652,1089,1,100.00,103.94
2026-06-04 22:09:48.732,1090,1,100.00,76.00
2026-06-04 22:09:48.823,1091,1,100.00,74.64
2026-06-04 22:09:48.897,1092,1,100.00,70.79
2026-06-04 22:09:48.967,1093,1,100.00,62.85
2026-06-04 22:09:49.089,1094,1,100.00,103.72
2026-06-04 22:09:49.206,1095,1,100.00,111.57
2026-06-04 22:09:49.312,1096,1,100.00,102.01
2026-06-04 22:09:49.412,1097,1,100.00,95.84
2026-06-04 22:09:49.529,1098,1,100.00,111.36
2026-06-04 22:09:49.639,1099,1,100.00,104.79
2026-06-04 22:09:49.748,1100,1,100.00,104.48
2026-06-04 22:09:49.846,1101,1,100.00,83.59
2026-06-04 22:09:49.941,1102,1,100.00,90.95
2026-06-04 22:09:50.041,1103,1,100.00,96.98
2026-06-04 22:09:50.144,1104,1,100.00,97.91
2026-06-04 22:09:50.254,1105,1,100.00,105.89
2026-06-04 22:09:50.352,1106,1,100.00,93.28
2026-06-04 22:09:50.461,1107,1,100.00,103.38
2026-06-04 22:09:50.562,1108,1,100.00,94.60
2026-06-04 22:09:50.652,1109,1,100.00,86.00
2026-06-04 22:09:50.749,1110,1,100.00,91.64
2026-06-04 22:09:50.821,1111,1,100.00,68.76
2026-06-04 22:09:50.936,1112,1,100.00,97.23
2026-06-04 22:09:51.024,1113,1,100.00,84.41
2026-06-04 22:09:51.126,1114,1,100.00,97.82
2026-06-04 22:09:51.244,1115,1,100.00,109.21
2026-06-04 22:09:51.355,1116,1,100.00,104.14
2026-06-04 22:09:51.444,1117,1,100.00,84.89
2026-06-04 22:09:51.538,1118,1,100.00,88.73
2026-06-04 22:09:51.662,1119,1,100.00,106.82
2026-06-04 22:09:51.780,1120,1,100.00,100.64
2026-06-04 22:09:51.853,1121,1,100.00,69.93
2026-06-04 22:09:51.955,1122,1,100.00,99.56
2026-06-04 22:09:52.062,1123,1,100.00,101.73
2026-06-04 22:09:52.163,1124,1,100.00,97.62
2026-06-04 22:09:52.271,1125,1,100.00,94.38
2026-06-04 22:09:52.362,1126,1,100.00,87.33
2026-06-04 22:09:52.455,1127,1,100.00,88.17
2026-06-04 22:09:52.560,1128,1,100.00,100.81
2026-06-04 22:09:52.674,1129,1,100.00,107.29
2026-06-04 22:09:52.766,1130,1,100.00,86.70
2026-06-04 22:09:52.848,1131,1,100.00,76.55
2026-06-04 22:09:52.954,1132,1,100.00,94.13
2026-06-04 22:09:53.036,1133,1,100.00,75.87
2026-06-04 22:09:53.112,1134,1,100.00,73.18
2026-06-04 22:09:53.192,1135,1,100.00,64.61
2026-06-04 22:09:53.277,1136,1,100.00,71.74
2026-06-04 22:09:53.356,1137,1,100.00,70.65
2026-06-04 22:09:53.449,1138,1,100.00,86.90
2026-06-04 22:09:53.550,1139,1,100.00,98.55
2026-06-04 22:09:53.639,1140,1,100.00,82.16
2026-06-04 22:09:53.734,1141,1,100.00,87.22
2026-06-04 22:09:53.829,1142,1,100.00,92.41
2026-06-04 22:09:53.914,1143,1,100.00,81.07
2026-06-04 22:09:54.017,1144,1,100.00,98.97
2026-06-04 22:09:54.124,1145,1,100.00,101.01
2026-06-04 22:09:54.233,1146,1,100.00,104.05
2026-06-04 22:09:54.338,1147,1,100.00,100.89
2026-06-04 22:09:54.433,1148,1,100.00,91.13
2026-06-04 22:09:54.537,1149,1,100.00,99.08
2026-06-04 22:09:54.637,1150,1,100.00,86.49
2026-06-04 22:09:54.730,1151,1,100.00,89.14
2026-06-04 22:09:54.822,1152,1,100.00,83.54
2026-06-04 22:09:54.935,1153,1,100.00,103.48
2026-06-04 22:09:55.037,1154,1,100.00,97.73
2026-06-04 22:09:55.145,1155,1,100.00,104.81
2026-06-04 22:09:55.258,1156,1,100.00,109.21
2026-06-04 22:09:55.370,1157,1,100.00,107.23
2026-06-04 22:09:55.480,1158,1,100.00,105.54
2026-06-04 22:09:55.596,1159,1,100.00,106.90
2026-06-04 22:09:55.692,1160,1,100.00,90.90
2026-06-04 22:09:55.799,1161,1,100.00,103.69
2026-06-04 22:09:55.885,1162,1,100.00,80.12
2026-06-04 22:09:55.960,1163,1,100.00,64.94
2026-06-04 22:09:56.051,1164,1,100.00,77.49
2026-06-04 22:09:56.137,1165,1,100.00,81.55
2026-06-04 22:09:56.220,1166,1,100.00,75.99
2026-06-04 22:09:56.284,1167,1,100.00,60.11
2026-06-04 22:09:56.363,1168,1,100.00,66.82
2026-06-04 22:09:56.434,1169,1,100.00,60.66
2026-06-04 22:09:56.515,1170,1,100.00,63.49
2026-06-04 22:09:56.596,1171,1,100.00,68.77
2026-06-04 22:09:56.673,1172,1,100.00,69.75
2026-06-04 22:09:56.773,1173,1,100.00,92.13
2026-06-04 22:09:56.863,1174,1,100.00,85.52
2026-06-04 22:09:56.967,1175,1,100.00,98.27
2026-06-04 22:09:57.068,1176,1,100.00,92.11
2026-06-04 22:09:57.181,1177,1,100.00,92.36
2026-06-04 22:09:57.276,1178,1,100.00,91.01
2026-06-04 22:09:57.368,1179,1,100.00,75.93
2026-06-04 22:09:57.438,1180,1,100.00,66.48
2026-06-04 22:09:57.506,1181,1,100.00,57.11
2026-06-04 22:09:57.578,1182,1,100.00,65.04
2026-06-04 22:09:57.676,1183,1,100.00,84.84
2026-06-04 22:09:57.752,1184,1,100.00,73.11
2026-06-04 22:09:57.848,1185,1,100.00,84.60
2026-06-04 22:09:57.927,1186,1,100.00,73.96
2026-06-04 22:09:58.008,1187,1,100.00,77.00
2026-06-04 22:09:58.115,1188,1,100.00,88.70
2026-06-04 22:09:58.200,1189,1,100.00,81.42
2026-06-04 22:09:58.308,1190,1,100.00,95.64
2026-06-04 22:09:58.403,1191,1,100.00,82.41
2026-06-04 22:09:58.512,1192,1,100.00,95.82
2026-06-04 22:09:58.601,1193,1,100.00,83.96
2026-06-04 22:09:58.703,1194,1,100.00,86.07
2026-06-04 22:09:58.805,1195,1,100.00,94.96
2026-06-04 22:09:58.903,1196,1,100.00,84.22
2026-06-04 22:09:59.018,1197,1,100.00,104.89
2026-06-04 22:09:59.130,1198,1,100.00,108.28
2026-06-04 22:09:59.238,1199,1,100.00,102.89
2026-06-04 22:09:59.338,1200,1,100.00,95.99
2026-06-04 22:09:59.410,1201,1,100.00,59.10
2026-06-04 22:09:59.497,1202,1,100.00,82.13
2026-06-04 22:09:59.610,1203,1,100.00,102.82
2026-06-04 22:09:59.723,1204,1,100.00,109.12
2026-06-04 22:09:59.838,1205,1,100.00,109.05
2026-06-04 22:09:59.936,1206,1,100.00,93.98
2026-06-04 22:10:00.058,1207,1,100.00,117.95
2026-06-04 22:10:00.166,1208,1,100.00,98.71
2026-06-04 22:10:00.262,1209,1,100.00,92.05
2026-06-04 22:10:00.370,1210,1,100.00,103.09
2026-06-04 22:10:00.478,1211,1,100.00,104.06
2026-06-04 22:10:00.586,1212,1,100.00,103.57
2026-06-04 22:10:00.699,1213,1,100.00,108.90
2026-06-04 22:10:00.804,1214,1,100.00,100.48
2026-06-04 22:10:00.916,1215,1,100.00,101.16
2026-06-04 22:10:01.023,1216,1,100.00,102.51
2026-06-04 22:10:01.129,1217,1,100.00,100.95
2026-06-04 22:10:01.249,1218,1,100.00,103.82
2026-06-04 22:10:01.364,1219,1,100.00,106.31
2026-06-04 22:10:01.448,1220,1,100.00,79.88
2026-06-04 22:10:01.536,1221,1,100.00,80.58
2026-06-04 22:10:01.615,1222,1,100.00,66.96
2026-06-04 22:10:01.698,1223,1,100.00,73.91
2026-06-04 22:10:01.798,1224,1,100.00,93.67
2026-06-04 22:10:01.906,1225,1,100.00,92.82
2026-06-04 22:10:02.002,1226,1,100.00,77.48
2026-06-04 22:10:02.097,1227,1,100.00,79.02
2026-06-04 22:10:02.188,1228,1,100.00,86.46
2026-06-04 22:10:02.312,1229,1,100.00,119.13
2026-06-04 22:10:02.392,1230,1,100.00,62.39
2026-06-04 22:10:02.479,1231,1,100.00,72.08
2026-06-04 22:10:02.565,1232,1,100.00,79.28
2026-06-04 22:10:02.666,1233,1,100.00,86.23
2026-06-04 22:10:02.747,1234,1,100.00,77.67
2026-06-04 22:10:02.829,1235,1,100.00,75.57
2026-06-04 22:10:02.914,1236,1,100.00,80.69
2026-06-04 22:10:03.007,1237,1,100.00,89.09
2026-06-04 22:10:03.098,1238,1,100.00,84.86
2026-06-04 22:10:03.194,1239,1,100.00,85.69
2026-06-04 22:10:03.268,1240,1,100.00,66.24
2026-06-04 22:10:03.362,1241,1,100.00,82.47
2026-06-04 22:10:03.445,1242,1,100.00,79.83
2026-06-04 22:10:03.548,1243,1,100.00,98.51
2026-06-04 22:10:03.623,1244,1,100.00,69.96
2026-06-04 22:10:03.703,1245,1,100.00,75.90
2026-06-04 22:10:03.784,1246,1,100.00,77.80
2026-06-04 22:10:03.863,1247,1,100.00,74.94
2026-06-04 22:10:03.950,1248,1,100.00,77.25
2026-06-04 22:10:04.046,1249,1,100.00,79.20
2026-06-04 22:10:04.129,1250,1,100.00,79.18
2026-06-04 22:10:04.228,1251,1,100.00,90.89
2026-06-04 22:10:04.324,1252,1,100.00,75.67
2026-06-04 22:10:04.401,1253,1,100.00,72.77
2026-06-04 22:10:04.477,1254,1,100.00,71.28
2026-06-04 22:10:04.563,1255,1,100.00,80.74
2026-06-04 22:10:04.642,1256,1,100.00,75.49
2026-06-04 22:10:04.723,1257,1,100.00,73.11
2026-06-04 22:10:04.798,1258,1,100.00,69.03
2026-06-04 22:10:04.868,1259,1,100.00,60.84
2026-06-04 22:10:04.950,1260,1,100.00,62.26
2026-06-04 22:10:05.039,1261,1,100.00,75.87
2026-06-04 22:10:05.129,1262,1,100.00,73.72
2026-06-04 22:10:05.223,1263,1,100.00,74.81
2026-06-04 22:10:05.309,1264,1,100.00,82.70
2026-06-04 22:10:05.390,1265,1,100.00,76.28
2026-06-04 22:10:05.474,1266,1,100.00,76.82
2026-06-04 22:10:05.558,1267,1,100.00,79.04
2026-06-04 22:10:05.640,1268,1,100.00,72.50
2026-06-04 22:10:05.715,1269,1,100.00,70.94
2026-06-04 22:10:05.781,1270,1,100.00,59.30
2026-06-04 22:10:05.852,1271,1,100.00,52.85
2026-06-04 22:10:05.919,1272,1,100.00,58.74
2026-06-04 22:10:05.996,1273,1,100.00,73.86
2026-06-04 22:10:06.073,1274,1,100.00,71.83
2026-06-04 22:10:06.150,1275,1,100.00,69.89
2026-06-04 22:10:06.240,1276,1,100.00,85.80
2026-06-04 22:10:06.312,1277,1,100.00,67.76
2026-06-04 22:10:06.390,1278,1,100.00,74.69
2026-06-04 22:10:06.477,1279,1,100.00,83.74
2026-06-04 22:10:06.567,1280,1,100.00,81.74
2026-06-04 22:10:06.655,1281,1,100.00,76.87
2026-06-04 22:10:06.755,1282,1,100.00,92.84
2026-06-04 22:10:06.841,1283,1,100.00,76.54
2026-06-04 22:10:06.931,1284,1,100.00,85.09
2026-06-04 22:10:07.006,1285,1,100.00,70.19
2026-06-04 22:10:07.096,1286,1,100.00,85.55
2026-06-04 22:10:07.204,1287,1,100.00,94.96
2026-06-04 22:10:07.304,1288,1,100.00,85.45
2026-06-04 22:10:07.392,1289,1,100.00,83.34
2026-06-04 22:10:07.474,1290,1,100.00,78.08
2026-06-04 22:10:07.564,1291,1,100.00,82.87
2026-06-04 22:10:07.652,1292,1,100.00,78.32
2026-06-04 22:10:07.753,1293,1,100.00,88.03
2026-06-04 22:10:07.840,1294,1,100.00,82.03
2026-06-04 22:10:07.935,1295,1,100.00,83.58
2026-06-04 22:10:08.028,1296,1,100.00,83.13
2026-06-04 22:10:08.126,1297,1,100.00,93.19
2026-06-04 22:10:08.222,1298,1,100.00,89.86
2026-06-04 22:10:08.303,1299,1,100.00,76.21
2026-06-04 22:10:08.400,1300,1,100.00,82.45
2026-06-04 22:10:08.476,1301,1,100.00,71.88
2026-06-04 22:10:08.570,1302,1,100.00,80.94
2026-06-04 22:10:08.657,1303,1,100.00,82.27
2026-06-04 22:10:08.768,1304,1,100.00,92.15
2026-06-04 22:10:08.869,1305,1,100.00,80.91
2026-06-04 22:10:08.954,1306,1,100.00,80.08
2026-06-04 22:10:09.046,1307,1,100.00,88.12
2026-06-04 22:10:09.124,1308,1,100.00,73.23
2026-06-04 22:10:09.225,1309,1,100.00,78.61
2026-06-04 22:10:09.303,1310,1,100.00,74.45
2026-06-04 22:10:09.391,1311,1,100.00,82.91
2026-06-04 22:10:09.480,1312,1,100.00,82.90
2026-06-04 22:10:09.563,1313,1,100.00,80.02
2026-06-04 22:10:09.653,1314,1,100.00,84.94
2026-06-04 22:10:09.726,1315,1,100.00,68.61
2026-06-04 22:10:09.807,1316,1,100.00,69.34
2026-06-04 22:10:09.871,1317,1,100.00,55.65
2026-06-04 22:10:09.935,1318,1,100.00,58.22
2026-06-04 22:10:10.011,1319,1,100.00,56.63
2026-06-04 22:10:10.071,1320,1,100.00,54.25
2026-06-04 22:10:10.135,1321,1,100.00,56.21
2026-06-04 22:10:10.192,1322,1,100.00,51.09
2026-06-04 22:10:10.257,1323,1,100.00,53.98
2026-06-04 22:10:10.322,1324,1,100.00,56.12
2026-06-04 22:10:10.380,1325,1,100.00,54.48
2026-06-04 22:10:10.439,1326,1,100.00,55.27
2026-06-04 22:10:10.508,1327,1,100.00,55.53
2026-06-04 22:10:10.573,1328,1,100.00,58.97
2026-06-04 22:10:10.641,1329,1,100.00,63.19
2026-06-04 22:10:10.713,1330,1,100.00,58.08
2026-06-04 22:10:10.787,1331,1,100.00,70.09
2026-06-04 22:10:10.855,1332,1,100.00,59.78
2026-06-04 22:10:10.960,1333,1,100.00,86.96
2026-06-04 22:10:11.050,1334,1,100.00,82.83
2026-06-04 22:10:11.134,1335,1,100.00,73.03
2026-06-04 22:10:11.226,1336,1,100.00,86.03
2026-06-04 22:10:11.312,1337,1,100.00,81.25
2026-06-04 22:10:11.394,1338,1,100.00,78.08
2026-06-04 22:10:11.490,1339,1,100.00,88.04
2026-06-04 22:10:11.573,1340,1,100.00,77.00
2026-06-04 22:10:11.669,1341,1,100.00,82.21
2026-06-04 22:10:11.755,1342,1,100.00,82.53
2026-06-04 22:10:11.848,1343,1,100.00,87.09
2026-06-04 22:10:11.954,1344,1,100.00,85.56
2026-06-04 22:10:12.020,1345,1,100.00,61.63
2026-06-04 22:10:12.127,1346,1,100.00,86.33
2026-06-04 22:10:12.234,1347,1,100.00,88.96
2026-06-04 22:10:12.311,1348,1,100.00,71.28
2026-06-04 22:10:12.389,1349,1,100.00,72.08
2026-06-04 22:10:12.459,1350,1,100.00,65.53
2026-06-04 22:10:12.556,1351,1,100.00,84.19
2026-06-04 22:10:12.641,1352,1,100.00,77.34
2026-06-04 22:10:12.725,1353,1,100.00,79.67
2026-06-04 22:10:12.785,1354,1,100.00,51.89
2026-06-04 22:10:12.852,1355,1,100.00,57.06
2026-06-04 22:10:12.921,1356,1,100.00,63.27
2026-06-04 22:10:13.004,1357,1,100.00,68.79
2026-06-04 22:10:13.075,1358,1,100.00,64.46
2026-06-04 22:10:13.145,1359,1,100.00,55.07
2026-06-04 22:10:13.215,1360,1,100.00,62.93
2026-06-04 22:10:13.286,1361,1,100.00,55.37
2026-06-04 22:10:13.346,1362,1,100.00,56.27
2026-06-04 22:10:13.400,1363,1,100.00,51.41
2026-06-04 22:10:13.482,1364,1,100.00,67.39
2026-06-04 22:10:13.577,1365,1,100.00,84.30
2026-06-04 22:10:13.658,1366,1,100.00,50.60
2026-06-04 22:10:13.716,1367,1,100.00,51.37
2026-06-04 22:10:13.782,1368,1,100.00,56.61
2026-06-04 22:10:13.842,1369,1,100.00,52.65
2026-06-04 22:10:13.951,1370,1,100.00,95.69
2026-06-04 22:10:14.010,1371,1,100.00,50.90
2026-06-04 22:10:14.093,1372,1,100.00,71.13
2026-06-04 22:10:14.160,1373,1,100.00,59.54
2026-06-04 22:10:14.228,1374,1,100.00,51.13
2026-06-04 22:10:14.290,1375,1,100.00,52.37
2026-06-04 22:10:14.351,1376,1,100.00,52.11
2026-06-04 22:10:14.421,1377,1,100.00,59.37
2026-06-04 22:10:14.479,1378,1,100.00,54.57
2026-06-04 22:10:14.538,1379,1,100.00,52.00
2026-06-04 22:10:14.613,1380,1,100.00,65.08
2026-06-04 22:10:14.691,1381,1,100.00,65.31
2026-06-04 22:10:14.768,1382,1,100.00,74.87
2026-06-04 22:10:14.860,1383,1,100.00,78.75
2026-06-04 22:10:14.945,1384,1,100.00,71.26
2026-06-04 22:10:15.018,1385,1,100.00,66.52
2026-06-04 22:10:15.091,1386,1,100.00,62.98
2026-06-04 22:10:15.174,1387,1,100.00,71.04
2026-06-04 22:10:15.249,1388,1,100.00,68.77
2026-06-04 22:10:15.325,1389,1,100.00,67.68
2026-06-04 22:10:15.404,1390,1,100.00,67.93
2026-06-04 22:10:15.475,1391,1,100.00,66.89
2026-06-04 22:10:15.556,1392,1,100.00,63.08
2026-06-04 22:10:15.634,1393,1,100.00,62.76
2026-06-04 22:10:15.708,1394,1,100.00,70.21
2026-06-04 22:10:15.792,1395,1,100.00,67.05
2026-06-04 22:10:15.863,1396,1,100.00,67.85
2026-06-04 22:10:15.947,1397,1,100.00,67.41
2026-06-04 22:10:16.011,1398,1,100.00,54.18
2026-06-04 22:10:16.085,1399,1,100.00,66.30
2026-06-04 22:10:16.165,1400,1,100.00,68.95
2026-06-04 22:10:16.238,1401,1,100.00,69.29
2026-06-04 22:10:16.317,1402,1,100.00,63.27
2026-06-04 22:10:16.401,1403,1,100.00,69.16
2026-06-04 22:10:16.482,1404,1,100.00,77.41
2026-06-04 22:10:16.545,1405,1,100.00,56.54
2026-06-04 22:10:16.621,1406,1,100.00,71.83
2026-06-04 22:10:16.920,1407,1,100.00,290.64
2026-06-04 22:10:17.113,1408,1,100.00,183.63
2026-06-04 22:10:17.325,1409,1,100.00,197.29
2026-06-04 22:10:17.435,1410,1,100.00,96.19
2026-06-04 22:10:17.639,1411,1,100.00,192.69
2026-06-04 22:10:17.793,1412,1,100.00,117.94
2026-06-04 22:10:17.882,1413,1,100.00,75.75
2026-06-04 22:10:17.967,1414,1,100.00,75.86
2026-06-04 22:10:18.456,1415,1,100.00,460.24
2026-06-04 22:10:18.830,1416,1,100.00,330.27
2026-06-04 22:10:19.014,1417,1,100.00,171.98
2026-06-04 22:10:19.161,1418,1,100.00,138.13
2026-06-04 22:10:19.297,1419,1,100.00,119.42
2026-06-04 22:10:19.479,1420,1,100.00,164.30
2026-06-04 22:10:19.711,1421,1,100.00,224.84
2026-06-04 22:10:19.810,1422,1,100.00,89.83
2026-06-04 22:10:19.885,1423,1,100.00,69.93
2026-06-04 22:10:19.961,1424,1,100.00,56.15
2026-06-04 22:10:20.121,1425,1,100.00,154.05
2026-06-04 22:10:20.193,1426,1,100.00,54.70
2026-06-04 22:10:20.268,1427,1,100.00,65.82
2026-06-04 22:10:20.344,1428,1,100.00,65.83
2026-06-04 22:10:20.432,1429,1,100.00,76.81
2026-06-04 22:10:20.497,1430,1,100.00,62.55
2026-06-04 22:10:20.573,1431,1,100.00,61.81
2026-06-04 22:10:20.650,1432,1,100.00,60.19
2026-06-04 22:10:20.708,1433,1,100.00,54.97
2026-06-04 22:10:20.772,1434,1,100.00,56.74
2026-06-04 22:10:20.830,1435,1,100.00,51.50
2026-06-04 22:10:20.906,1436,1,100.00,66.33
2026-06-04 22:10:20.999,1437,1,100.00,81.38
2026-06-04 22:10:21.094,1438,1,100.00,90.75
2026-06-04 22:10:21.194,1439,1,100.00,89.11
2026-06-04 22:10:21.266,1440,1,100.00,68.06
2026-06-04 22:10:21.340,1441,1,100.00,65.47
2026-06-04 22:10:21.473,1442,1,100.00,119.72
2026-06-04 22:10:21.553,1443,1,100.00,70.60
2026-06-04 22:10:21.735,1444,1,100.00,164.78
2026-06-04 22:10:21.828,1445,1,100.00,82.73
2026-06-04 22:10:21.925,1446,1,100.00,84.14
2026-06-04 22:10:21.996,1447,1,100.00,63.50
2026-06-04 22:10:22.062,1448,1,100.00,51.53
2026-06-04 22:10:22.137,1449,1,100.00,65.18
2026-06-04 22:10:22.228,1450,1,100.00,86.91
2026-06-04 22:10:22.304,1451,1,100.00,59.35
2026-06-04 22:10:22.389,1452,1,100.00,80.43
2026-06-04 22:10:22.492,1453,1,100.00,91.97
2026-06-04 22:10:22.570,1454,1,100.00,60.35
2026-06-04 22:10:22.662,1455,1,100.00,75.11
2026-06-04 22:10:22.830,1456,1,100.00,165.04
2026-06-04 22:10:22.925,1457,1,100.00,86.21
2026-06-04 22:10:23.003,1458,1,100.00,69.65
2026-06-04 22:10:23.056,1459,1,100.00,45.78
2026-06-04 22:10:23.123,1460,1,100.00,50.13
2026-06-04 22:10:23.195,1461,1,100.00,60.03
2026-06-04 22:10:23.275,1462,1,100.00,61.85
2026-06-04 22:10:23.350,1463,1,100.00,58.58
2026-06-04 22:10:23.412,1464,1,100.00,58.16
2026-06-04 22:10:23.478,1465,1,100.00,57.30
2026-06-04 22:10:23.552,1466,1,100.00,69.95
2026-06-04 22:10:23.615,1467,1,100.00,55.96
2026-06-04 22:10:23.687,1468,1,100.00,66.44
2026-06-04 22:10:23.774,1469,1,100.00,83.53
2026-06-04 22:10:23.843,1470,1,100.00,66.01
2026-06-04 22:10:23.931,1471,1,100.00,84.09
2026-06-04 22:10:24.021,1472,1,100.00,85.10
2026-06-04 22:10:24.110,1473,1,100.00,79.11
2026-06-04 22:10:24.212,1474,1,100.00,87.73
2026-06-04 22:10:24.305,1475,1,100.00,73.87
2026-06-04 22:10:24.398,1476,1,100.00,86.31
2026-06-04 22:10:24.499,1477,1,100.00,96.08
2026-06-04 22:10:24.604,1478,1,100.00,88.96
2026-06-04 22:10:24.700,1479,1,100.00,90.79
2026-06-04 22:10:24.781,1480,1,100.00,77.83
2026-06-04 22:10:24.883,1481,1,100.00,88.99
2026-06-04 22:10:24.960,1482,1,100.00,73.82
2026-06-04 22:10:25.045,1483,1,100.00,80.53
2026-06-04 22:10:25.117,1484,1,100.00,66.82
2026-06-04 22:10:25.207,1485,1,100.00,80.93
2026-06-04 22:10:25.304,1486,1,100.00,83.19
2026-06-04 22:10:25.390,1487,1,100.00,76.57
2026-06-04 22:10:25.481,1488,1,100.00,86.29
2026-06-04 22:10:25.571,1489,1,100.00,86.16
2026-06-04 22:10:25.645,1490,1,100.00,69.02
2026-06-04 22:10:25.738,1491,1,100.00,88.16
2026-06-04 22:10:25.822,1492,1,100.00,79.50
2026-06-04 22:10:25.908,1493,1,100.00,80.84
2026-06-04 22:10:26.000,1494,1,100.00,88.04
2026-06-04 22:10:26.092,1495,1,100.00,88.46
2026-06-04 22:10:26.189,1496,1,100.00,82.46
2026-06-04 22:10:26.274,1497,1,100.00,72.95
2026-06-04 22:10:26.368,1498,1,100.00,90.14
2026-06-04 22:10:26.474,1499,1,100.00,86.29
2026-06-04 22:10:26.572,1500,1,100.00,90.52
2026-06-04 22:10:26.820,1501,1,100.00,241.60
2026-06-04 22:10:26.938,1502,1,100.00,112.91
2026-06-04 22:10:27.025,1503,1,100.00,82.16
2026-06-04 22:10:27.139,1504,1,100.00,95.18
2026-06-04 22:10:27.370,1505,1,100.00,191.56
2026-06-04 22:10:27.464,1506,1,100.00,80.09
2026-06-04 22:10:27.527,1507,1,100.00,58.96
2026-06-04 22:10:27.595,1508,1,100.00,64.91
2026-06-04 22:10:27.652,1509,1,100.00,50.50
2026-06-04 22:10:27.714,1510,1,100.00,51.20
2026-06-04 22:10:27.783,1511,1,100.00,56.27
2026-06-04 22:10:27.854,1512,1,100.00,65.33
2026-06-04 22:10:27.933,1513,1,100.00,76.00
2026-06-04 22:10:28.018,1514,1,100.00,72.37
2026-06-04 22:10:28.104,1515,1,100.00,79.34
2026-06-04 22:10:28.180,1516,1,100.00,60.81
2026-06-04 22:10:28.249,1517,1,100.00,51.02
2026-06-04 22:10:28.318,1518,1,100.00,57.13
2026-06-04 22:10:28.374,1519,1,100.00,52.21
2026-06-04 22:10:28.442,1520,1,100.00,58.25
2026-06-04 22:10:28.524,1521,1,100.00,62.94
2026-06-04 22:10:28.596,1522,1,100.00,57.05
2026-06-04 22:10:28.649,1523,1,100.00,46.61
2026-06-04 22:10:28.708,1524,1,100.00,44.75
2026-06-04 22:10:28.776,1525,1,100.00,49.37
2026-06-04 22:10:28.832,1526,1,100.00,43.78
2026-06-04 22:10:28.895,1527,1,100.00,43.80
2026-06-04 22:10:28.942,1528,1,100.00,44.13
2026-06-04 22:10:29.024,1529,1,100.00,64.00
2026-06-04 22:10:29.081,1530,1,100.00,43.82
2026-06-04 22:10:29.146,1531,1,100.00,61.35
2026-06-04 22:10:29.235,1532,1,100.00,83.73
2026-06-04 22:10:29.314,1533,1,100.00,72.18
2026-06-04 22:10:29.384,1534,1,100.00,61.50
2026-06-04 22:10:29.479,1535,1,100.00,80.99
2026-06-04 22:10:29.555,1536,1,100.00,65.11
2026-06-04 22:10:29.651,1537,1,100.00,93.18
2026-06-04 22:10:29.739,1538,1,100.00,80.61
2026-06-04 22:10:29.831,1539,1,100.00,88.90
2026-06-04 22:10:29.907,1540,1,100.00,57.85
2026-06-04 22:10:29.993,1541,1,100.00,65.56
2026-06-04 22:10:30.061,1542,1,100.00,55.84
2026-06-04 22:10:30.125,1543,1,100.00,56.90
2026-06-04 22:10:30.186,1544,1,100.00,55.80
2026-06-04 22:10:30.265,1545,1,100.00,71.66
2026-06-04 22:10:30.326,1546,1,100.00,54.80
2026-06-04 22:10:30.395,1547,1,100.00,61.97
2026-06-04 22:10:30.489,1548,1,100.00,78.11
2026-06-04 22:10:30.576,1549,1,100.00,83.53
2026-06-04 22:10:30.655,1550,1,100.00,69.96
2026-06-04 22:10:30.736,1551,1,100.00,71.59
2026-06-04 22:10:30.835,1552,1,100.00,92.04
2026-06-04 22:10:30.937,1553,1,100.00,83.07
2026-06-04 22:10:31.027,1554,1,100.00,80.00
2026-06-04 22:10:31.123,1555,1,100.00,82.02
2026-06-04 22:10:31.212,1556,1,100.00,85.02
2026-06-04 22:10:31.288,1557,1,100.00,72.78
2026-06-04 22:10:31.425,1558,1,100.00,133.20
2026-06-04 22:10:31.498,1559,1,100.00,61.87
2026-06-04 22:10:31.581,1560,1,100.00,65.83
2026-06-04 22:10:31.656,1561,1,100.00,72.72
2026-06-04 22:10:31.746,1562,1,100.00,74.18
2026-06-04 22:10:31.827,1563,1,100.00,77.03
2026-06-04 22:10:31.905,1564,1,100.00,63.82
2026-06-04 22:10:31.984,1565,1,100.00,62.22
2026-06-04 22:10:32.073,1566,1,100.00,72.79
2026-06-04 22:10:32.148,1567,1,100.00,68.14
2026-06-04 22:10:32.219,1568,1,100.00,61.88
2026-06-04 22:10:32.280,1569,1,100.00,56.72
2026-06-04 22:10:32.371,1570,1,100.00,75.45
2026-06-04 22:10:32.472,1571,1,100.00,84.78
2026-06-04 22:10:32.569,1572,1,100.00,93.51
2026-06-04 22:10:32.653,1573,1,100.00,77.11
2026-06-04 22:10:32.735,1574,1,100.00,76.06
2026-06-04 22:10:32.789,1575,1,100.00,50.61
2026-06-04 22:10:32.866,1576,1,100.00,72.77
2026-06-04 22:10:32.941,1577,1,100.00,72.31
2026-06-04 22:10:33.010,1578,1,100.00,66.50
2026-06-04 22:10:33.099,1579,1,100.00,73.99
2026-06-04 22:10:33.191,1580,1,100.00,72.37
2026-06-04 22:10:33.268,1581,1,100.00,70.18
2026-06-04 22:10:33.338,1582,1,100.00,63.83
2026-06-04 22:10:33.416,1583,1,100.00,62.30
2026-06-04 22:10:33.490,1584,1,100.00,59.59
2026-06-04 22:10:33.560,1585,1,100.00,66.31
2026-06-04 22:10:33.640,1586,1,100.00,65.34
2026-06-04 22:10:33.719,1587,1,100.00,68.31
2026-06-04 22:10:33.784,1588,1,100.00,62.25
2026-06-04 22:10:33.878,1589,1,100.00,86.98
2026-06-04 22:10:33.943,1590,1,100.00,59.30
2026-06-04 22:10:34.024,1591,1,100.00,74.24
2026-06-04 22:10:34.112,1592,1,100.00,83.23
2026-06-04 22:10:34.199,1593,1,100.00,83.15
2026-06-04 22:10:34.302,1594,1,100.00,86.68
2026-06-04 22:10:34.382,1595,1,100.00,76.38
2026-06-04 22:10:34.470,1596,1,100.00,84.04
2026-06-04 22:10:34.550,1597,1,100.00,75.54
2026-06-04 22:10:34.640,1598,1,100.00,83.02
2026-06-04 22:10:34.719,1599,1,100.00,75.17
2026-06-04 22:10:34.806,1600,1,100.00,77.03
2026-06-04 22:10:34.884,1601,1,100.00,73.24
2026-06-04 22:10:34.980,1602,1,100.00,79.76
2026-06-04 22:10:35.051,1603,1,100.00,67.38
2026-06-04 22:10:35.121,1604,1,100.00,64.66
2026-06-04 22:10:35.205,1605,1,100.00,71.07
2026-06-04 22:10:35.292,1606,1,100.00,78.78
2026-06-04 22:10:35.384,1607,1,100.00,77.23
2026-06-04 22:10:35.466,1608,1,100.00,64.57
2026-06-04 22:10:35.537,1609,1,100.00,67.76
2026-06-04 22:10:35.622,1610,1,100.00,80.70
2026-06-04 22:10:35.693,1611,1,100.00,67.46
2026-06-04 22:10:35.771,1612,1,100.00,72.80
2026-06-04 22:10:35.838,1613,1,100.00,64.39
2026-06-04 22:10:35.917,1614,1,100.00,76.20
2026-06-04 22:10:35.995,1615,1,100.00,73.31
2026-06-04 22:10:36.093,1616,1,100.00,83.23
2026-06-04 22:10:36.180,1617,1,100.00,82.66
2026-06-04 22:10:36.300,1618,1,100.00,100.37
2026-06-04 22:10:36.389,1619,1,100.00,85.22
2026-06-04 22:10:36.500,1620,1,100.00,94.84
2026-06-04 22:10:36.573,1621,1,100.00,70.23
2026-06-04 22:10:36.671,1622,1,100.00,77.78
2026-06-04 22:10:36.803,1623,1,100.00,115.05
2026-06-04 22:10:36.866,1624,1,100.00,54.47
2026-06-04 22:10:36.939,1625,1,100.00,65.78
2026-06-04 22:10:37.009,1626,1,100.00,66.26
2026-06-04 22:10:37.117,1627,1,100.00,88.78
2026-06-04 22:10:37.207,1628,1,100.00,86.24
2026-06-04 22:10:37.309,1629,1,100.00,98.06
2026-06-04 22:10:37.398,1630,1,100.00,84.95
2026-06-04 22:10:37.472,1631,1,100.00,67.68
2026-06-04 22:10:37.558,1632,1,100.00,76.68
2026-06-04 22:10:37.649,1633,1,100.00,83.67
2026-06-04 22:10:37.736,1634,1,100.00,82.60
2026-06-04 22:10:37.815,1635,1,100.00,65.32
2026-06-04 22:10:37.916,1636,1,100.00,85.75
2026-06-04 22:10:37.993,1637,1,100.00,74.06
2026-06-04 22:10:38.057,1638,1,100.00,61.88
2026-06-04 22:10:38.170,1639,1,100.00,91.99
2026-06-04 22:10:38.274,1640,1,100.00,99.26
2026-06-04 22:10:38.368,1641,1,100.00,88.25
2026-06-04 22:10:38.453,1642,1,100.00,73.65
2026-06-04 22:10:38.577,1643,1,100.00,103.18
2026-06-04 22:10:38.660,1644,1,100.00,78.14
2026-06-04 22:10:38.733,1645,1,100.00,69.29
2026-06-04 22:10:38.811,1646,1,100.00,73.92
2026-06-04 22:10:38.894,1647,1,100.00,78.73
2026-06-04 22:10:39.003,1648,1,100.00,89.53
2026-06-04 22:10:39.088,1649,1,100.00,82.55
2026-06-04 22:10:39.171,1650,1,100.00,79.86
2026-06-04 22:10:39.249,1651,1,100.00,73.55
2026-06-04 22:10:39.329,1652,1,100.00,76.16
2026-06-04 22:10:39.435,1653,1,100.00,98.10
2026-06-04 22:10:39.530,1654,1,100.00,88.87
2026-06-04 22:10:39.629,1655,1,100.00,88.71
2026-06-04 22:10:39.725,1656,1,100.00,90.70
2026-06-04 22:10:39.801,1657,1,100.00,71.75
2026-06-04 22:10:39.906,1658,1,100.00,97.30
2026-06-04 22:10:40.010,1659,1,100.00,98.87
2026-06-04 22:10:40.104,1660,1,100.00,88.97
2026-06-04 22:10:40.214,1661,1,100.00,94.89
2026-06-04 22:10:40.325,1662,1,100.00,96.92
2026-06-04 22:10:40.435,1663,1,100.00,98.05
2026-06-04 22:10:40.525,1664,1,100.00,85.53
2026-06-04 22:10:40.641,1665,1,100.00,101.13
2026-06-04 22:10:40.737,1666,1,100.00,91.97
2026-06-04 22:10:40.805,1667,1,100.00,63.22
2026-06-04 22:10:40.885,1668,1,100.00,64.61
2026-06-04 22:10:40.989,1669,1,100.00,91.12
2026-06-04 22:10:41.071,1670,1,100.00,63.30
2026-06-04 22:10:41.152,1671,1,100.00,66.97
2026-06-04 22:10:41.226,1672,1,100.00,62.54
2026-06-04 22:10:41.317,1673,1,100.00,75.51
2026-06-04 22:10:41.421,1674,1,100.00,98.67
2026-06-04 22:10:41.521,1675,1,100.00,96.21
2026-06-04 22:10:41.624,1676,1,100.00,97.66
2026-06-04 22:10:41.726,1677,1,100.00,90.78
2026-06-04 22:10:41.821,1678,1,100.00,91.35
2026-06-04 22:10:41.914,1679,1,100.00,88.31
2026-06-04 22:10:42.008,1680,1,100.00,90.69
2026-06-04 22:10:42.099,1681,1,100.00,73.22
2026-06-04 22:10:42.176,1682,1,100.00,73.69
2026-06-04 22:10:42.262,1683,1,100.00,81.89
2026-06-04 22:10:42.345,1684,1,100.00,79.81
2026-06-04 22:10:42.427,1685,1,100.00,72.11
2026-06-04 22:10:42.503,1686,1,100.00,71.16
2026-06-04 22:10:42.594,1687,1,100.00,82.68
2026-06-04 22:10:42.690,1688,1,100.00,91.01
2026-06-04 22:10:42.786,1689,1,100.00,92.64
2026-06-04 22:10:42.874,1690,1,100.00,82.75
2026-06-04 22:10:42.951,1691,1,100.00,73.02
2026-06-04 22:10:43.067,1692,1,100.00,102.75
2026-06-04 22:10:43.159,1693,1,100.00,86.70
2026-06-04 22:10:43.235,1694,1,100.00,71.83
2026-06-04 22:10:43.311,1695,1,100.00,72.07
2026-06-04 22:10:43.402,1696,1,100.00,75.47
2026-06-04 22:10:43.500,1697,1,100.00,78.67
2026-06-04 22:10:43.579,1698,1,100.00,75.62
2026-06-04 22:10:43.661,1699,1,100.00,77.79
2026-06-04 22:10:43.749,1700,1,100.00,84.66
2026-06-04 22:10:43.846,1701,1,100.00,91.86
2026-06-04 22:10:43.954,1702,1,100.00,91.59
2026-06-04 22:10:44.048,1703,1,100.00,89.90
2026-06-04 22:10:44.147,1704,1,100.00,93.66
2026-06-04 22:10:44.239,1705,1,100.00,79.96
2026-06-04 22:10:44.331,1706,1,100.00,87.60
2026-06-04 22:10:44.433,1707,1,100.00,85.76
2026-06-04 22:10:44.506,1708,1,100.00,66.36
2026-06-04 22:10:44.584,1709,1,100.00,72.98
2026-06-04 22:10:44.666,1710,1,100.00,78.24
2026-06-04 22:10:44.759,1711,1,100.00,81.57
2026-06-04 22:10:44.862,1712,1,100.00,98.06
2026-06-04 22:10:44.966,1713,1,100.00,99.90
2026-06-04 22:10:45.080,1714,1,100.00,109.02
2026-06-04 22:10:45.191,1715,1,100.00,94.60
2026-06-04 22:10:45.309,1716,1,100.00,101.87
2026-06-04 22:10:45.407,1717,1,100.00,94.89
2026-06-04 22:10:45.503,1718,1,100.00,91.26
2026-06-04 22:10:45.587,1719,1,100.00,81.76
2026-06-04 22:10:45.671,1720,1,100.00,75.79
2026-06-04 22:10:45.773,1721,1,100.00,85.14
2026-06-04 22:10:45.855,1722,1,100.00,77.12
2026-06-04 22:10:45.941,1723,1,100.00,65.40
2026-06-04 22:10:46.037,1724,1,100.00,90.82
2026-06-04 22:10:46.130,1725,1,100.00,89.03
2026-06-04 22:10:46.224,1726,1,100.00,89.70
2026-06-04 22:10:46.329,1727,1,100.00,95.20
2026-06-04 22:10:46.407,1728,1,100.00,73.54
2026-06-04 22:10:46.494,1729,1,100.00,84.38
2026-06-04 22:10:46.581,1730,1,100.00,82.74
2026-06-04 22:10:46.669,1731,1,100.00,75.29
2026-06-04 22:10:46.746,1732,1,100.00,57.53
2026-06-04 22:10:46.807,1733,1,100.00,56.46
2026-06-04 22:10:46.866,1734,1,100.00,51.87
2026-06-04 22:10:46.934,1735,1,100.00,57.74
2026-06-04 22:10:46.997,1736,1,100.00,58.47
2026-06-04 22:10:47.058,1737,1,100.00,58.08
2026-06-04 22:10:47.146,1738,1,100.00,69.32
2026-06-04 22:10:47.221,1739,1,100.00,65.80
2026-06-04 22:10:47.303,1740,1,100.00,70.07
2026-06-04 22:10:47.394,1741,1,100.00,83.64
2026-06-04 22:10:47.474,1742,1,100.00,68.74
2026-06-04 22:10:47.548,1743,1,100.00,62.95
2026-06-04 22:10:47.639,1744,1,100.00,87.08
2026-06-04 22:10:47.733,1745,1,100.00,89.55
2026-06-04 22:10:47.827,1746,1,100.00,89.88
2026-06-04 22:10:47.907,1747,1,100.00,62.60
2026-06-04 22:10:47.982,1748,1,100.00,59.66
2026-06-04 22:10:48.059,1749,1,100.00,61.11
2026-06-04 22:10:48.135,1750,1,100.00,59.95
2026-06-04 22:10:48.216,1751,1,100.00,63.26
2026-06-04 22:10:48.298,1752,1,100.00,67.46
2026-06-04 22:10:48.370,1753,1,100.00,61.27
2026-06-04 22:10:48.452,1754,1,100.00,64.24
2026-06-04 22:10:48.528,1755,1,100.00,62.47
2026-06-04 22:10:48.603,1756,1,100.00,60.71
2026-06-04 22:10:48.701,1757,1,100.00,80.44
2026-06-04 22:10:48.777,1758,1,100.00,60.90
2026-06-04 22:10:48.843,1759,1,100.00,62.16
2026-06-04 22:10:48.914,1760,1,100.00,56.68
2026-06-04 22:10:48.987,1761,1,100.00,67.34
2026-06-04 22:10:49.067,1762,1,100.00,70.26
2026-06-04 22:10:49.174,1763,1,100.00,97.03
2026-06-04 22:10:49.261,1764,1,100.00,83.24
2026-06-04 22:10:49.359,1765,1,100.00,92.90
2026-06-04 22:10:49.449,1766,1,100.00,86.30
2026-06-04 22:10:49.539,1767,1,100.00,85.51
2026-06-04 22:10:49.628,1768,1,100.00,86.41
2026-06-04 22:10:49.724,1769,1,100.00,86.46
2026-06-04 22:10:49.800,1770,1,100.00,68.29
2026-06-04 22:10:49.879,1771,1,100.00,69.93
2026-06-04 22:10:49.947,1772,1,100.00,61.57
2026-06-04 22:10:50.022,1773,1,100.00,70.69
2026-06-04 22:10:50.146,1774,1,100.00,103.80
2026-06-04 22:10:50.223,1775,1,100.00,74.14
2026-06-04 22:10:50.313,1776,1,100.00,87.28
2026-06-04 22:10:50.411,1777,1,100.00,95.03
2026-06-04 22:10:50.502,1778,1,100.00,87.61
2026-06-04 22:10:50.597,1779,1,100.00,91.55
2026-06-04 22:10:50.685,1780,1,100.00,84.15
2026-06-04 22:10:50.760,1781,1,100.00,70.80
2026-06-04 22:10:50.841,1782,1,100.00,77.87
2026-06-04 22:10:50.949,1783,1,100.00,93.78
2026-06-04 22:10:51.058,1784,1,100.00,104.11
2026-06-04 22:10:51.152,1785,1,100.00,90.00
2026-06-04 22:10:51.242,1786,1,100.00,86.16
2026-06-04 22:10:51.338,1787,1,100.00,92.67
2026-06-04 22:10:51.435,1788,1,100.00,93.23
2026-06-04 22:10:51.525,1789,1,100.00,83.47
2026-06-04 22:10:51.612,1790,1,100.00,82.74
2026-06-04 22:10:51.677,1791,1,100.00,62.01
2026-06-04 22:10:51.765,1792,1,100.00,83.00
2026-06-04 22:10:51.867,1793,1,100.00,90.00
2026-06-04 22:10:51.953,1794,1,100.00,80.25
2026-06-04 22:10:52.037,1795,1,100.00,72.25
2026-06-04 22:10:52.133,1796,1,100.00,89.69
2026-06-04 22:10:52.229,1797,1,100.00,92.07
2026-06-04 22:10:52.325,1798,1,100.00,92.26
2026-06-04 22:10:52.408,1799,1,100.00,78.05
2026-06-04 22:10:52.512,1800,1,100.00,94.86
2026-06-04 22:10:52.584,1801,1,100.00,67.81
2026-06-04 22:10:52.668,1802,1,100.00,62.83
2026-06-04 22:10:52.745,1803,1,100.00,74.38
2026-06-04 22:10:52.838,1804,1,100.00,78.62
2026-06-04 22:10:52.919,1805,1,100.00,78.24
2026-06-04 22:10:53.016,1806,1,100.00,85.18
2026-06-04 22:10:53.110,1807,1,100.00,83.92
2026-06-04 22:10:53.210,1808,1,100.00,90.37
2026-06-04 22:10:53.335,1809,1,100.00,106.04
2026-06-04 22:10:53.437,1810,1,100.00,97.83
2026-06-04 22:10:53.539,1811,1,100.00,97.41
2026-06-04 22:10:53.626,1812,1,100.00,84.67
2026-06-04 22:10:53.724,1813,1,100.00,87.19
2026-06-04 22:10:53.810,1814,1,100.00,80.75
2026-06-04 22:10:53.890,1815,1,100.00,75.76
2026-06-04 22:10:53.961,1816,1,100.00,67.68
2026-06-04 22:10:54.052,1817,1,100.00,73.77
2026-06-04 22:10:54.123,1818,1,100.00,66.86
2026-06-04 22:10:54.198,1819,1,100.00,63.85
2026-06-04 22:10:54.306,1820,1,100.00,92.41
2026-06-04 22:10:54.382,1821,1,100.00,72.38
2026-06-04 22:10:54.457,1822,1,100.00,71.57
2026-06-04 22:10:54.562,1823,1,100.00,100.92
2026-06-04 22:10:54.647,1824,1,100.00,81.82
2026-06-04 22:10:54.754,1825,1,100.00,87.98
2026-06-04 22:10:54.850,1826,1,100.00,90.91
2026-06-04 22:10:54.944,1827,1,100.00,88.64
2026-06-04 22:10:55.045,1828,1,100.00,96.43
2026-06-04 22:10:55.155,1829,1,100.00,98.16
2026-06-04 22:10:55.235,1830,1,100.00,76.04
2026-06-04 22:10:55.316,1831,1,100.00,75.98
2026-06-04 22:10:55.383,1832,1,100.00,63.06
2026-06-04 22:10:55.482,1833,1,100.00,80.44
2026-06-04 22:10:55.571,1834,1,100.00,83.87
2026-06-04 22:10:55.667,1835,1,100.00,92.70
2026-06-04 22:10:55.770,1836,1,100.00,97.51
2026-06-04 22:10:55.855,1837,1,100.00,80.70
2026-06-04 22:10:55.945,1838,1,100.00,86.80
2026-06-04 22:10:56.042,1839,1,100.00,76.34
2026-06-04 22:10:56.135,1840,1,100.00,90.16
2026-06-04 22:10:56.229,1841,1,100.00,88.20
2026-06-04 22:10:56.329,1842,1,100.00,84.70
2026-06-04 22:10:56.410,1843,1,100.00,72.65
2026-06-04 22:10:56.497,1844,1,100.00,81.87
2026-06-04 22:10:56.599,1845,1,100.00,90.55
2026-06-04 22:10:56.697,1846,1,100.00,92.19
2026-06-04 22:10:56.789,1847,1,100.00,78.74
2026-06-04 22:10:56.898,1848,1,100.00,92.47
2026-06-04 22:10:56.965,1849,1,100.00,63.22
2026-06-04 22:10:57.039,1850,1,100.00,70.31
2026-06-04 22:10:57.137,1851,1,100.00,83.47
2026-06-04 22:10:57.242,1852,1,100.00,94.66
2026-06-04 22:10:57.345,1853,1,100.00,97.87
2026-06-04 22:10:57.440,1854,1,100.00,90.40
2026-06-04 22:10:57.515,1855,1,100.00,71.66
2026-06-04 22:10:57.614,1856,1,100.00,87.44
2026-06-04 22:10:57.705,1857,1,100.00,89.21
2026-06-04 22:10:57.782,1858,1,100.00,72.81
2026-06-04 22:10:57.861,1859,1,100.00,75.87
2026-06-04 22:10:57.956,1860,1,100.00,85.23
2026-06-04 22:10:58.040,1861,1,100.00,81.06
2026-06-04 22:10:58.121,1862,1,100.00,76.59
2026-06-04 22:10:58.207,1863,1,100.00,82.32
2026-06-04 22:10:58.295,1864,1,100.00,83.58
2026-06-04 22:10:58.393,1865,1,100.00,93.22
2026-06-04 22:10:58.464,1866,1,100.00,66.05
2026-06-04 22:10:58.564,1867,1,100.00,79.79
2026-06-04 22:10:58.647,1868,1,100.00,78.47
2026-06-04 22:10:58.737,1869,1,100.00,85.35
2026-06-04 22:10:58.823,1870,1,100.00,81.33
2026-06-04 22:10:58.913,1871,1,100.00,86.44
2026-06-04 22:10:59.017,1872,1,100.00,92.05
2026-06-04 22:10:59.117,1873,1,100.00,96.28
2026-06-04 22:10:59.217,1874,1,100.00,94.99
2026-06-04 22:10:59.313,1875,1,100.00,90.04
2026-06-04 22:10:59.404,1876,1,100.00,86.83
2026-06-04 22:10:59.482,1877,1,100.00,73.40
2026-06-04 22:10:59.568,1878,1,100.00,78.98
2026-06-04 22:10:59.651,1879,1,100.00,78.09
2026-06-04 22:10:59.751,1880,1,100.00,89.08
2026-06-04 22:10:59.846,1881,1,100.00,90.19
2026-06-04 22:10:59.920,1882,1,100.00,70.60
2026-06-04 22:11:00.021,1883,1,100.00,90.77
2026-06-04 22:11:00.102,1884,1,100.00,76.86
2026-06-04 22:11:00.196,1885,1,100.00,90.42
2026-06-04 22:11:00.270,1886,1,100.00,69.53
2026-06-04 22:11:00.358,1887,1,100.00,83.02
2026-06-04 22:11:00.436,1888,1,100.00,65.28
2026-06-04 22:11:00.518,1889,1,100.00,70.74
2026-06-04 22:11:00.591,1890,1,100.00,65.30
2026-06-04 22:11:00.696,1891,1,100.00,92.66
2026-06-04 22:11:00.762,1892,1,100.00,63.01
2026-06-04 22:11:00.831,1893,1,100.00,55.97
2026-06-04 22:11:00.905,1894,1,100.00,65.84
2026-06-04 22:11:01.013,1895,1,100.00,96.95
2026-06-04 22:11:01.120,1896,1,100.00,102.34
2026-06-04 22:11:01.229,1897,1,100.00,105.71
2026-06-04 22:11:01.325,1898,1,100.00,91.81
2026-06-04 22:11:01.420,1899,1,100.00,88.64
2026-06-04 22:11:01.530,1900,1,100.00,96.65
2026-06-04 22:11:01.621,1901,1,100.00,87.15
2026-06-04 22:11:01.713,1902,1,100.00,90.04
2026-06-04 22:11:01.789,1903,1,100.00,71.32
2026-06-04 22:11:01.879,1904,1,100.00,84.04
2026-06-04 22:11:01.951,1905,1,100.00,66.48
2026-06-04 22:11:02.026,1906,1,100.00,72.63
2026-06-04 22:11:02.121,1907,1,100.00,81.60
2026-06-04 22:11:02.223,1908,1,100.00,89.89
2026-06-04 22:11:02.329,1909,1,100.00,98.83
2026-06-04 22:11:02.411,1910,1,100.00,73.85
2026-06-04 22:11:02.484,1911,1,100.00,68.75
2026-06-04 22:11:02.565,1912,1,100.00,72.15
2026-06-04 22:11:02.644,1913,1,100.00,70.73
2026-06-04 22:11:02.731,1914,1,100.00,79.55
2026-06-04 22:11:02.822,1915,1,100.00,77.48
2026-06-04 22:11:02.906,1916,1,100.00,66.94
2026-06-04 22:11:02.988,1917,1,100.00,71.11
2026-06-04 22:11:03.088,1918,1,100.00,97.89
2026-06-04 22:11:03.169,1919,1,100.00,63.70
2026-06-04 22:11:03.247,1920,1,100.00,73.94
2026-06-04 22:11:03.334,1921,1,100.00,83.61
2026-06-04 22:11:03.411,1922,1,100.00,72.50
2026-06-04 22:11:03.508,1923,1,100.00,88.01
2026-06-04 22:11:03.594,1924,1,100.00,79.86
2026-06-04 22:11:03.678,1925,1,100.00,71.03
2026-06-04 22:11:03.765,1926,1,100.00,79.13
2026-06-04 22:11:03.849,1927,1,100.00,71.02
2026-06-04 22:11:03.937,1928,1,100.00,81.85
2026-06-04 22:11:04.022,1929,1,100.00,72.88
2026-06-04 22:11:04.104,1930,1,100.00,76.07
2026-06-04 22:11:04.206,1931,1,100.00,98.36
2026-06-04 22:11:04.284,1932,1,100.00,74.08
2026-06-04 22:11:04.372,1933,1,100.00,80.02
2026-06-04 22:11:04.466,1934,1,100.00,78.96
2026-06-04 22:11:04.575,1935,1,100.00,93.11
2026-06-04 22:11:04.647,1936,1,100.00,66.39
2026-06-04 22:11:04.724,1937,1,100.00,70.51
2026-06-04 22:11:04.804,1938,1,100.00,71.94
2026-06-04 22:11:04.894,1939,1,100.00,69.52
2026-06-04 22:11:04.967,1940,1,100.00,64.94
2026-06-04 22:11:05.060,1941,1,100.00,79.80
2026-06-04 22:11:05.144,1942,1,100.00,79.00
2026-06-04 22:11:05.232,1943,1,100.00,80.82
2026-06-04 22:11:05.338,1944,1,100.00,94.08
2026-06-04 22:11:05.435,1945,1,100.00,91.44
2026-06-04 22:11:05.527,1946,1,100.00,87.78
2026-06-04 22:11:05.610,1947,1,100.00,79.04
2026-06-04 22:11:05.705,1948,1,100.00,91.35
2026-06-04 22:11:05.810,1949,1,100.00,99.40
2026-06-04 22:11:05.913,1950,1,100.00,97.28
2026-06-04 22:11:06.000,1951,1,100.00,81.38
2026-06-04 22:11:06.101,1952,1,100.00,86.06
2026-06-04 22:11:06.194,1953,1,100.00,83.55
2026-06-04 22:11:06.292,1954,1,100.00,92.40
2026-06-04 22:11:06.382,1955,1,100.00,86.38
2026-06-04 22:11:06.475,1956,1,100.00,86.82
2026-06-04 22:11:06.533,1957,1,100.00,54.87
2026-06-04 22:11:06.606,1958,1,100.00,69.84
2026-06-04 22:11:06.701,1959,1,100.00,80.29
2026-06-04 22:11:06.832,1960,1,100.00,116.33
2026-06-04 22:11:06.896,1961,1,100.00,61.61
2026-06-04 22:11:06.972,1962,1,100.00,71.23
2026-06-04 22:11:07.077,1963,1,100.00,96.43
2026-06-04 22:11:07.171,1964,1,100.00,90.01
2026-06-04 22:11:07.267,1965,1,100.00,92.95
2026-06-04 22:11:07.391,1966,1,100.00,108.40
2026-06-04 22:11:07.493,1967,1,100.00,97.05
2026-06-04 22:11:07.585,1968,1,100.00,89.44
2026-06-04 22:11:07.683,1969,1,100.00,93.34
2026-06-04 22:11:07.778,1970,1,100.00,90.99
2026-06-04 22:11:07.889,1971,1,100.00,106.05
2026-06-04 22:11:08.002,1972,1,100.00,108.49
2026-06-04 22:11:08.107,1973,1,100.00,101.41
2026-06-04 22:11:08.205,1974,1,100.00,94.02
2026-06-04 22:11:08.315,1975,1,100.00,106.35
2026-06-04 22:11:08.428,1976,1,100.00,107.61
2026-06-04 22:11:08.540,1977,1,100.00,108.09
2026-06-04 22:11:08.633,1978,1,100.00,89.54
2026-06-04 22:11:08.739,1979,1,100.00,102.06
2026-06-04 22:11:08.846,1980,1,100.00,101.75
2026-06-04 22:11:08.958,1981,1,100.00,108.16
2026-06-04 22:11:09.063,1982,1,100.00,100.02
2026-06-04 22:11:09.167,1983,1,100.00,100.01
2026-06-04 22:11:09.271,1984,1,100.00,96.94
2026-06-04 22:11:09.369,1985,1,100.00,92.26
2026-06-04 22:11:09.478,1986,1,100.00,104.38
2026-06-04 22:11:09.584,1987,1,100.00,101.90
2026-06-04 22:11:09.688,1988,1,100.00,98.79
2026-06-04 22:11:09.809,1989,1,100.00,103.71
2026-06-04 22:11:09.907,1990,1,100.00,91.68
2026-06-04 22:11:10.007,1991,1,100.00,96.10
2026-06-04 22:11:10.102,1992,1,100.00,90.98
2026-06-04 22:11:10.204,1993,1,100.00,96.97
2026-06-04 22:11:10.301,1994,1,100.00,92.96
2026-06-04 22:11:10.400,1995,1,100.00,94.59
2026-06-04 22:11:10.498,1996,1,100.00,93.76
2026-06-04 22:11:10.611,1997,1,100.00,107.24
2026-06-04 22:11:10.724,1998,1,100.00,107.27
2026-06-04 22:11:10.822,1999,1,100.00,93.36
2026-06-04 22:11:10.914,2000,1,100.00,82.92
2026-06-04 22:11:11.016,2001,1,100.00,90.75
2026-06-04 22:11:11.129,2002,1,100.00,109.25
2026-06-04 22:11:11.208,2003,1,100.00,61.86
2026-06-04 22:11:11.306,2004,1,100.00,82.80
2026-06-04 22:11:11.415,2005,1,100.00,97.24
2026-06-04 22:11:11.516,2006,1,100.00,96.57
2026-06-04 22:11:11.592,2007,1,100.00,70.08
2026-06-04 22:11:11.668,2008,1,100.00,68.63
2026-06-04 22:11:11.764,2009,1,100.00,86.28
2026-06-04 22:11:11.859,2010,1,100.00,91.69
2026-06-04 22:11:11.972,2011,1,100.00,102.93
2026-06-04 22:11:12.075,2012,1,100.00,98.30
2026-06-04 22:11:12.178,2013,1,100.00,97.54
2026-06-04 22:11:12.288,2014,1,100.00,104.49
2026-06-04 22:11:12.399,2015,1,100.00,105.88
2026-06-04 22:11:12.510,2016,1,100.00,106.64
2026-06-04 22:11:12.609,2017,1,100.00,93.94
2026-06-04 22:11:12.707,2018,1,100.00,93.44
2026-06-04 22:11:12.810,2019,1,100.00,99.34
2026-06-04 22:11:12.931,2020,1,100.00,101.44
2026-06-04 22:11:13.020,2021,1,100.00,83.94
2026-06-04 22:11:13.122,2022,1,100.00,98.16
2026-06-04 22:11:13.222,2023,1,100.00,80.27
2026-06-04 22:11:13.299,2024,1,100.00,72.15
2026-06-04 22:11:13.397,2025,1,100.00,82.00
2026-06-04 22:11:13.494,2026,1,100.00,85.42
2026-06-04 22:11:13.592,2027,1,100.00,90.16
2026-06-04 22:11:13.670,2028,1,100.00,74.42
2026-06-04 22:11:13.782,2029,1,100.00,93.65
2026-06-04 22:11:13.856,2030,1,100.00,67.39
2026-06-04 22:11:13.950,2031,1,100.00,86.11
2026-06-04 22:11:14.052,2032,1,100.00,98.80
2026-06-04 22:11:14.154,2033,1,100.00,95.43
2026-06-04 22:11:14.264,2034,1,100.00,100.64
2026-06-04 22:11:14.365,2035,1,100.00,97.25
2026-06-04 22:11:14.452,2036,1,100.00,82.76
2026-06-04 22:11:14.517,2037,1,100.00,61.74
2026-06-04 22:11:14.600,2038,1,100.00,76.20
2026-06-04 22:11:14.682,2039,1,100.00,78.33
2026-06-04 22:11:14.768,2040,1,100.00,70.88
2026-06-04 22:11:14.840,2041,1,100.00,64.06
2026-06-04 22:11:14.935,2042,1,100.00,80.12
2026-06-04 22:11:15.001,2043,1,100.00,63.02
2026-06-04 22:11:15.066,2044,1,100.00,62.22
2026-06-04 22:11:15.143,2045,1,100.00,68.75
2026-06-04 22:11:15.218,2046,1,100.00,64.99
2026-06-04 22:11:15.318,2047,1,100.00,87.13
2026-06-04 22:11:15.399,2048,1,100.00,75.78
2026-06-04 22:11:15.479,2049,1,100.00,73.77
2026-06-04 22:11:15.566,2050,1,100.00,82.61
2026-06-04 22:11:15.662,2051,1,100.00,91.30
2026-06-04 22:11:15.745,2052,1,100.00,79.90
2026-06-04 22:11:15.845,2053,1,100.00,93.52
2026-06-04 22:11:15.937,2054,1,100.00,87.33
2026-06-04 22:11:16.029,2055,1,100.00,87.67
2026-06-04 22:11:16.101,2056,1,100.00,67.72
2026-06-04 22:11:16.174,2057,1,100.00,70.39
2026-06-04 22:11:16.275,2058,1,100.00,85.88
2026-06-04 22:11:16.382,2059,1,100.00,84.76
2026-06-04 22:11:16.474,2060,1,100.00,88.60
2026-06-04 22:11:16.545,2061,1,100.00,65.38
2026-06-04 22:11:16.643,2062,1,100.00,82.06
2026-06-04 22:11:16.740,2063,1,100.00,93.49
2026-06-04 22:11:16.827,2064,1,100.00,78.37
2026-06-04 22:11:16.907,2065,1,100.00,76.00
2026-06-04 22:11:17.010,2066,1,100.00,91.36
2026-06-04 22:11:17.099,2067,1,100.00,83.53
2026-06-04 22:11:17.186,2068,1,100.00,83.78
2026-06-04 22:11:17.283,2069,1,100.00,92.29
2026-06-04 22:11:17.374,2070,1,100.00,85.93
2026-06-04 22:11:17.476,2071,1,100.00,86.40
2026-06-04 22:11:17.557,2072,1,100.00,73.87
2026-06-04 22:11:17.665,2073,1,100.00,86.85
2026-06-04 22:11:17.759,2074,1,100.00,87.28
2026-06-04 22:11:17.834,2075,1,100.00,70.65
2026-06-04 22:11:17.905,2076,1,100.00,63.80
2026-06-04 22:11:18.007,2077,1,100.00,89.81
2026-06-04 22:11:18.090,2078,1,100.00,77.89
2026-06-04 22:11:18.175,2079,1,100.00,79.65
2026-06-04 22:11:18.257,2080,1,100.00,71.18
2026-06-04 22:11:18.346,2081,1,100.00,84.43
2026-06-04 22:11:18.446,2082,1,100.00,91.03
2026-06-04 22:11:18.545,2083,1,100.00,80.69
2026-06-04 22:11:18.627,2084,1,100.00,75.86
2026-06-04 22:11:18.723,2085,1,100.00,91.77
2026-06-04 22:11:18.815,2086,1,100.00,89.02
2026-06-04 22:11:18.911,2087,1,100.00,85.78
2026-06-04 22:11:19.004,2088,1,100.00,89.16
2026-06-04 22:11:19.099,2089,1,100.00,87.07
2026-06-04 22:11:19.190,2090,1,100.00,86.68
2026-06-04 22:11:19.291,2091,1,100.00,93.01
2026-06-04 22:11:19.375,2092,1,100.00,81.09
2026-06-04 22:11:19.473,2093,1,100.00,85.61
2026-06-04 22:11:19.565,2094,1,100.00,87.20
2026-06-04 22:11:19.653,2095,1,100.00,83.94
2026-06-04 22:11:19.734,2096,1,100.00,74.85
2026-06-04 22:11:19.829,2097,1,100.00,82.01
2026-06-04 22:11:19.930,2098,1,100.00,88.67
2026-06-04 22:11:20.020,2099,1,100.00,86.53
2026-06-04 22:11:20.114,2100,1,100.00,88.30
2026-06-04 22:11:20.218,2101,1,100.00,92.82
2026-06-04 22:11:20.298,2102,1,100.00,75.22
2026-06-04 22:11:20.397,2103,1,100.00,84.40
2026-06-04 22:11:20.501,2104,1,100.00,93.82
2026-06-04 22:11:20.581,2105,1,100.00,75.20
2026-06-04 22:11:20.665,2106,1,100.00,79.44
2026-06-04 22:11:20.752,2107,1,100.00,83.11
2026-06-04 22:11:20.845,2108,1,100.00,87.81
2026-06-04 22:11:20.936,2109,1,100.00,86.68
2026-06-04 22:11:21.039,2110,1,100.00,83.40
2026-06-04 22:11:21.129,2111,1,100.00,85.72
2026-06-04 22:11:21.222,2112,1,100.00,89.20
2026-06-04 22:11:21.314,2113,1,100.00,86.76
2026-06-04 22:11:21.369,2114,1,100.00,51.26
2026-06-04 22:11:21.428,2115,1,100.00,50.43
2026-06-04 22:11:21.483,2116,1,100.00,51.45
2026-06-04 22:11:21.557,2117,1,100.00,71.23
2026-06-04 22:11:21.631,2118,1,100.00,68.28
2026-06-04 22:11:21.714,2119,1,100.00,69.60
2026-06-04 22:11:21.804,2120,1,100.00,82.62
2026-06-04 22:11:21.891,2121,1,100.00,82.23
2026-06-04 22:11:21.976,2122,1,100.00,80.61
2026-06-04 22:11:22.066,2123,1,100.00,86.19
2026-06-04 22:11:22.137,2124,1,100.00,65.66
2026-06-04 22:11:22.201,2125,1,100.00,53.93
2026-06-04 22:11:22.283,2126,1,100.00,74.30
2026-06-04 22:11:22.361,2127,1,100.00,74.98
2026-06-04 22:11:22.467,2128,1,100.00,86.68
2026-06-04 22:11:22.566,2129,1,100.00,91.27
2026-06-04 22:11:22.654,2130,1,100.00,68.77
2026-06-04 22:11:22.729,2131,1,100.00,70.19
2026-06-04 22:11:22.810,2132,1,100.00,77.34
2026-06-04 22:11:22.890,2133,1,100.00,73.75
2026-06-04 22:11:22.980,2134,1,100.00,71.04
2026-06-04 22:11:23.070,2135,1,100.00,82.70
2026-06-04 22:11:23.153,2136,1,100.00,71.33
2026-06-04 22:11:23.215,2137,1,100.00,59.12
2026-06-04 22:11:23.280,2138,1,100.00,60.79
2026-06-04 22:11:23.357,2139,1,100.00,58.17
2026-06-04 22:11:23.420,2140,1,100.00,59.20
2026-06-04 22:11:23.499,2141,1,100.00,74.15
2026-06-04 22:11:23.595,2142,1,100.00,78.26
2026-06-04 22:11:23.672,2143,1,100.00,70.93
2026-06-04 22:11:23.753,2144,1,100.00,64.08
2026-06-04 22:11:23.847,2145,1,100.00,79.50
2026-06-04 22:11:23.940,2146,1,100.00,79.66
2026-06-04 22:11:24.029,2147,1,100.00,74.50
2026-06-04 22:11:24.137,2148,1,100.00,88.06
2026-06-04 22:11:24.203,2149,1,100.00,63.05
2026-06-04 22:11:24.299,2150,1,100.00,78.75
2026-06-04 22:11:24.364,2151,1,100.00,61.87
2026-06-04 22:11:24.451,2152,1,100.00,75.72
2026-06-04 22:11:24.544,2153,1,100.00,73.96
2026-06-04 22:11:24.629,2154,1,100.00,80.14
2026-06-04 22:11:24.715,2155,1,100.00,69.91
2026-06-04 22:11:24.805,2156,1,100.00,81.02
2026-06-04 22:11:24.891,2157,1,100.00,74.30
2026-06-04 22:11:24.959,2158,1,100.00,52.30
2026-06-04 22:11:25.049,2159,1,100.00,77.70
2026-06-04 22:11:25.143,2160,1,100.00,78.93
2026-06-04 22:11:25.251,2161,1,100.00,89.96
2026-06-04 22:11:25.340,2162,1,100.00,84.40
2026-06-04 22:11:25.425,2163,1,100.00,78.40
2026-06-04 22:11:25.519,2164,1,100.00,77.85
2026-06-04 22:11:25.610,2165,1,100.00,78.22
2026-06-04 22:11:25.697,2166,1,100.00,71.62
2026-06-04 22:11:25.778,2167,1,100.00,77.94
2026-06-04 22:11:25.883,2168,1,100.00,85.09
2026-06-04 22:11:25.968,2169,1,100.00,78.51
2026-06-04 22:11:26.056,2170,1,100.00,85.16
2026-06-04 22:11:26.135,2171,1,100.00,73.95
2026-06-04 22:11:26.218,2172,1,100.00,77.83
2026-06-04 22:11:26.293,2173,1,100.00,71.70
2026-06-04 22:11:26.404,2174,1,100.00,91.55
2026-06-04 22:11:26.496,2175,1,100.00,88.06
2026-06-04 22:11:26.574,2176,1,100.00,74.13
2026-06-04 22:11:26.659,2177,1,100.00,81.41
2026-06-04 22:11:26.739,2178,1,100.00,74.97
2026-06-04 22:11:26.797,2179,1,100.00,55.55
2026-06-04 22:11:26.865,2180,1,100.00,64.35
2026-06-04 22:11:26.949,2181,1,100.00,77.22
2026-06-04 22:11:27.035,2182,1,100.00,68.33
2026-06-04 22:11:27.113,2183,1,100.00,68.74
2026-06-04 22:11:27.187,2184,1,100.00,69.61
2026-06-04 22:11:27.263,2185,1,100.00,73.07
2026-06-04 22:11:27.347,2186,1,100.00,81.88
2026-06-04 22:11:27.436,2187,1,100.00,84.49
2026-06-04 22:11:27.537,2188,1,100.00,85.67
2026-06-04 22:11:27.623,2189,1,100.00,82.79
2026-06-04 22:11:27.719,2190,1,100.00,82.76
2026-06-04 22:11:27.812,2191,1,100.00,81.04
2026-06-04 22:11:27.914,2192,1,100.00,88.93
2026-06-04 22:11:28.013,2193,1,100.00,80.18
2026-06-04 22:11:28.108,2194,1,100.00,80.20
2026-06-04 22:11:28.185,2195,1,100.00,64.14
2026-06-04 22:11:28.264,2196,1,100.00,65.33
2026-06-04 22:11:28.353,2197,1,100.00,75.47
2026-06-04 22:11:28.434,2198,1,100.00,75.72
2026-06-04 22:11:28.518,2199,1,100.00,78.54
2026-06-04 22:11:28.594,2200,1,100.00,66.78
2026-06-04 22:11:28.673,2201,1,100.00,75.24
2026-06-04 22:11:28.759,2202,1,100.00,81.15
2026-06-04 22:11:28.845,2203,1,100.00,80.81
2026-06-04 22:11:28.941,2204,1,100.00,83.24
2026-06-04 22:11:29.026,2205,1,100.00,79.94
2026-06-04 22:11:29.106,2206,1,100.00,60.42
2026-06-04 22:11:29.177,2207,1,100.00,68.01
2026-06-04 22:11:29.259,2208,1,100.00,69.32
2026-06-04 22:11:29.337,2209,1,100.00,68.97
2026-06-04 22:11:29.422,2210,1,100.00,76.59
2026-06-04 22:11:29.511,2211,1,100.00,85.74
2026-06-04 22:11:29.590,2212,1,100.00,73.40
2026-06-04 22:11:29.673,2213,1,100.00,78.40
2026-06-04 22:11:29.756,2214,1,100.00,78.02
2026-06-04 22:11:29.833,2215,1,100.00,73.47
2026-06-04 22:11:29.909,2216,1,100.00,72.32
2026-06-04 22:11:29.991,2217,1,100.00,77.66
2026-06-04 22:11:30.071,2218,1,100.00,75.50
2026-06-04 22:11:30.153,2219,1,100.00,77.95
2026-06-04 22:11:30.222,2220,1,100.00,64.61
2026-06-04 22:11:30.305,2221,1,100.00,78.84
2026-06-04 22:11:30.401,2222,1,100.00,82.20
2026-06-04 22:11:30.488,2223,1,100.00,76.33
2026-06-04 22:11:30.579,2224,1,100.00,87.54
2026-06-04 22:11:30.665,2225,1,100.00,80.53
2026-06-04 22:11:30.748,2226,1,100.00,78.18
2026-06-04 22:11:30.813,2227,1,100.00,60.92
2026-06-04 22:11:30.888,2228,1,100.00,69.33
2026-06-04 22:11:30.965,2229,1,100.00,68.79
2026-06-04 22:11:31.048,2230,1,100.00,74.89
2026-06-04 22:11:31.133,2231,1,100.00,65.77
2026-06-04 22:11:31.219,2232,1,100.00,73.81
2026-06-04 22:11:31.300,2233,1,100.00,77.26
2026-06-04 22:11:31.379,2234,1,100.00,75.13
2026-06-04 22:11:31.449,2235,1,100.00,65.93
2026-06-04 22:11:31.535,2236,1,100.00,71.61
2026-06-04 22:11:31.618,2237,1,100.00,77.58
2026-06-04 22:11:31.703,2238,1,100.00,69.94
2026-06-04 22:11:31.778,2239,1,100.00,67.63
2026-06-04 22:11:31.875,2240,1,100.00,85.09
2026-06-04 22:11:31.957,2241,1,100.00,72.42
2026-06-04 22:11:32.035,2242,1,100.00,73.55
2026-06-04 22:11:32.124,2243,1,100.00,84.37
2026-06-04 22:11:32.209,2244,1,100.00,78.89
2026-06-04 22:11:32.301,2245,1,100.00,73.26
2026-06-04 22:11:32.385,2246,1,100.00,65.20
2026-06-04 22:11:32.468,2247,1,100.00,68.61
2026-06-04 22:11:32.551,2248,1,100.00,75.07
2026-06-04 22:11:32.633,2249,1,100.00,62.62
2026-06-04 22:11:32.711,2250,1,100.00,64.22
2026-06-04 22:11:32.794,2251,1,100.00,68.33
2026-06-04 22:11:32.873,2252,1,100.00,70.28
2026-06-04 22:11:32.946,2253,1,100.00,68.62
2026-06-04 22:11:33.037,2254,1,100.00,78.94
2026-06-04 22:11:33.109,2255,1,100.00,69.87
2026-06-04 22:11:33.183,2256,1,100.00,69.56
2026-06-04 22:11:33.275,2257,1,100.00,88.46
2026-06-04 22:11:33.356,2258,1,100.00,77.65
2026-06-04 22:11:33.434,2259,1,100.00,68.16
2026-06-04 22:11:33.507,2260,1,100.00,63.02
2026-06-04 22:11:33.575,2261,1,100.00,63.31
2026-06-04 22:11:33.653,2262,1,100.00,74.52
2026-06-04 22:11:33.732,2263,1,100.00,68.30
2026-06-04 22:11:33.815,2264,1,100.00,79.94
2026-06-04 22:11:33.902,2265,1,100.00,82.87
2026-06-04 22:11:33.974,2266,1,100.00,67.40
2026-06-04 22:11:34.054,2267,1,100.00,77.04
2026-06-04 22:11:34.146,2268,1,100.00,79.29
2026-06-04 22:11:34.239,2269,1,100.00,87.71
2026-06-04 22:11:34.319,2270,1,100.00,76.79
2026-06-04 22:11:34.399,2271,1,100.00,75.44
2026-06-04 22:11:34.476,2272,1,100.00,65.85
2026-06-04 22:11:34.559,2273,1,100.00,72.34
2026-06-04 22:11:34.635,2274,1,100.00,68.34
2026-06-04 22:11:34.714,2275,1,100.00,68.97
2026-06-04 22:11:34.792,2276,1,100.00,68.42
2026-06-04 22:11:34.876,2277,1,100.00,74.31
2026-06-04 22:11:34.950,2278,1,100.00,69.37
2026-06-04 22:11:35.041,2279,1,100.00,80.73
2026-06-04 22:11:35.119,2280,1,100.00,74.59
2026-06-04 22:11:35.204,2281,1,100.00,81.21
2026-06-04 22:11:35.285,2282,1,100.00,77.38
2026-06-04 22:11:35.366,2283,1,100.00,76.12
2026-06-04 22:11:35.459,2284,1,100.00,78.01
2026-06-04 22:11:35.532,2285,1,100.00,68.85
2026-06-04 22:11:35.604,2286,1,100.00,66.70
2026-06-04 22:11:35.694,2287,1,100.00,77.55
2026-06-04 22:11:35.787,2288,1,100.00,88.14
2026-06-04 22:11:35.872,2289,1,100.00,80.56
2026-06-04 22:11:35.964,2290,1,100.00,87.75
2026-06-04 22:11:36.062,2291,1,100.00,95.25
2026-06-04 22:11:36.132,2292,1,100.00,65.27
2026-06-04 22:11:36.209,2293,1,100.00,73.76
2026-06-04 22:11:36.294,2294,1,100.00,80.86
2026-06-04 22:11:36.369,2295,1,100.00,69.65
2026-06-04 22:11:36.462,2296,1,100.00,77.98
2026-06-04 22:11:36.552,2297,1,100.00,86.04
2026-06-04 22:11:36.615,2298,1,100.00,59.03
2026-06-04 22:11:36.706,2299,1,100.00,71.46
2026-06-04 22:11:36.779,2300,1,100.00,67.59
2026-06-04 22:11:36.858,2301,1,100.00,68.10
2026-06-04 22:11:36.935,2302,1,100.00,66.43
2026-06-04 22:11:37.022,2303,1,100.00,73.01
2026-06-04 22:11:37.114,2304,1,100.00,85.67
2026-06-04 22:11:37.204,2305,1,100.00,83.40
2026-06-04 22:11:37.295,2306,1,100.00,87.21
2026-06-04 22:11:37.389,2307,1,100.00,89.68
2026-06-04 22:11:37.479,2308,1,100.00,87.30
2026-06-04 22:11:37.567,2309,1,100.00,83.39
2026-06-04 22:11:37.653,2310,1,100.00,78.04
2026-06-04 22:11:37.740,2311,1,100.00,80.51
2026-06-04 22:11:37.814,2312,1,100.00,66.70
2026-06-04 22:11:37.884,2313,1,100.00,63.85
2026-06-04 22:11:37.983,2314,1,100.00,82.75
2026-06-04 22:11:38.083,2315,1,100.00,89.85
2026-06-04 22:11:38.171,2316,1,100.00,83.29
2026-06-04 22:11:38.254,2317,1,100.00,78.95
2026-06-04 22:11:38.326,2318,1,100.00,68.19
2026-06-04 22:11:38.413,2319,1,100.00,76.28
2026-06-04 22:11:38.499,2320,1,100.00,82.08
2026-06-04 22:11:38.591,2321,1,100.00,82.55
2026-06-04 22:11:38.684,2322,1,100.00,80.96
2026-06-04 22:11:38.779,2323,1,100.00,80.65
2026-06-04 22:11:38.880,2324,1,100.00,87.75
2026-06-04 22:11:38.949,2325,1,100.00,65.73
2026-06-04 22:11:39.037,2326,1,100.00,83.45
2026-06-04 22:11:39.127,2327,1,100.00,85.84
2026-06-04 22:11:39.210,2328,1,100.00,78.45
2026-06-04 22:11:39.295,2329,1,100.00,81.72
2026-06-04 22:11:39.389,2330,1,100.00,88.14
2026-06-04 22:11:39.482,2331,1,100.00,78.30
2026-06-04 22:11:39.581,2332,1,100.00,82.31
2026-06-04 22:11:39.678,2333,1,100.00,87.58
2026-06-04 22:11:39.755,2334,1,100.00,73.19
2026-06-04 22:11:39.839,2335,1,100.00,74.93
2026-06-04 22:11:39.941,2336,1,100.00,84.22
2026-06-04 22:11:40.036,2337,1,100.00,91.12
2026-06-04 22:11:40.121,2338,1,100.00,80.42
2026-06-04 22:11:40.215,2339,1,100.00,76.64
2026-06-04 22:11:40.320,2340,1,100.00,84.29
2026-06-04 22:11:40.411,2341,1,100.00,82.82
2026-06-04 22:11:40.505,2342,1,100.00,83.37
2026-06-04 22:11:40.583,2343,1,100.00,67.31
2026-06-04 22:11:40.671,2344,1,100.00,82.63
2026-06-04 22:11:40.767,2345,1,100.00,81.82
2026-06-04 22:11:40.842,2346,1,100.00,70.07
2026-06-04 22:11:40.929,2347,1,100.00,82.76
2026-06-04 22:11:41.000,2348,1,100.00,65.22
2026-06-04 22:11:41.082,2349,1,100.00,78.76
2026-06-04 22:11:41.175,2350,1,100.00,86.14
2026-06-04 22:11:41.253,2351,1,100.00,71.19
2026-06-04 22:11:41.331,2352,1,100.00,72.26
2026-06-04 22:11:41.396,2353,1,100.00,56.66
2026-06-04 22:11:41.467,2354,1,100.00,65.88
2026-06-04 22:11:41.558,2355,1,100.00,79.11
2026-06-04 22:11:41.656,2356,1,100.00,82.51
2026-06-04 22:11:41.748,2357,1,100.00,82.61
2026-06-04 22:11:41.833,2358,1,100.00,81.01
2026-06-04 22:11:41.920,2359,1,100.00,81.32
2026-06-04 22:11:42.003,2360,1,100.00,71.94
2026-06-04 22:11:42.089,2361,1,100.00,78.77
2026-06-04 22:11:42.177,2362,1,100.00,85.13
2026-06-04 22:11:42.259,2363,1,100.00,77.89
2026-06-04 22:11:42.341,2364,1,100.00,78.17
2026-06-04 22:11:42.441,2365,1,100.00,86.94
2026-06-04 22:11:42.535,2366,1,100.00,89.27
2026-06-04 22:11:42.620,2367,1,100.00,81.04
2026-06-04 22:11:42.703,2368,1,100.00,77.95
2026-06-04 22:11:42.790,2369,1,100.00,81.63
2026-06-04 22:11:42.888,2370,1,100.00,82.52
2026-06-04 22:11:42.979,2371,1,100.00,78.66
2026-06-04 22:11:43.066,2372,1,100.00,83.13
2026-06-04 22:11:43.148,2373,1,100.00,76.24
2026-06-04 22:11:43.244,2374,1,100.00,77.09
2026-06-04 22:11:43.343,2375,1,100.00,82.49
2026-06-04 22:11:43.422,2376,1,100.00,74.63
2026-06-04 22:11:43.514,2377,1,100.00,87.44
2026-06-04 22:11:43.595,2378,1,100.00,77.94
2026-06-04 22:11:43.671,2379,1,100.00,72.19
2026-06-04 22:11:43.746,2380,1,100.00,65.27
2026-06-04 22:11:43.824,2381,1,100.00,66.24
2026-06-04 22:11:43.904,2382,1,100.00,68.46
2026-06-04 22:11:43.984,2383,1,100.00,70.58
2026-06-04 22:11:44.063,2384,1,100.00,71.11
2026-06-04 22:11:44.138,2385,1,100.00,66.59
2026-06-04 22:11:44.229,2386,1,100.00,81.14
2026-06-04 22:11:44.314,2387,1,100.00,80.10
2026-06-04 22:11:44.402,2388,1,100.00,84.64
2026-06-04 22:11:44.497,2389,1,100.00,82.65
2026-06-04 22:11:44.576,2390,1,100.00,76.23
2026-06-04 22:11:44.658,2391,1,100.00,76.85
2026-06-04 22:11:44.737,2392,1,100.00,74.37
2026-06-04 22:11:44.814,2393,1,100.00,69.54
2026-06-04 22:11:44.898,2394,1,100.00,76.41
2026-06-04 22:11:45.003,2395,1,100.00,87.34
2026-06-04 22:11:45.071,2396,1,100.00,63.66
2026-06-04 22:11:45.159,2397,1,100.00,70.68
2026-06-04 22:11:45.238,2398,1,100.00,70.98
2026-06-04 22:11:45.320,2399,1,100.00,78.69
2026-06-04 22:11:45.381,2400,1,100.00,57.91
2026-06-04 22:11:45.472,2401,1,100.00,81.86
2026-06-04 22:11:45.564,2402,1,100.00,88.69
2026-06-04 22:11:45.645,2403,1,100.00,74.68
2026-06-04 22:11:45.745,2404,1,100.00,87.34
2026-06-04 22:11:45.824,2405,1,100.00,71.03
2026-06-04 22:11:45.896,2406,1,100.00,64.29
2026-06-04 22:11:45.986,2407,1,100.00,83.56
2026-06-04 22:11:46.071,2408,1,100.00,67.47
2026-06-04 22:11:46.138,2409,1,100.00,62.96
2026-06-04 22:11:46.210,2410,1,100.00,69.23
2026-06-04 22:11:46.271,2411,1,100.00,46.30
2026-06-04 22:11:46.333,2412,1,100.00,47.26
2026-06-04 22:11:46.391,2413,1,100.00,42.80
2026-06-04 22:11:46.435,2414,1,100.00,40.14
2026-06-04 22:11:46.482,2415,1,100.00,40.73
2026-06-04 22:11:46.542,2416,1,100.00,54.59
2026-06-04 22:11:46.596,2417,1,100.00,46.00
2026-06-04 22:11:46.652,2418,1,100.00,40.28
2026-06-04 22:11:46.698,2419,1,100.00,40.06
2026-06-04 22:11:46.749,2420,1,100.00,43.86
2026-06-04 22:11:46.808,2421,1,100.00,54.64
2026-06-04 22:11:46.865,2422,1,100.00,49.45
2026-06-04 22:11:46.935,2423,1,100.00,57.43
2026-06-04 22:11:47.010,2424,1,100.00,70.10
2026-06-04 22:11:47.099,2425,1,100.00,79.75
2026-06-04 22:11:47.185,2426,1,100.00,71.13
2026-06-04 22:11:47.280,2427,1,100.00,88.73
2026-06-04 22:11:47.369,2428,1,100.00,83.78
2026-06-04 22:11:47.448,2429,1,100.00,70.87
2026-06-04 22:11:47.515,2430,1,100.00,59.10
2026-06-04 22:11:47.596,2431,1,100.00,61.47
2026-06-04 22:11:47.672,2432,1,100.00,59.57
2026-06-04 22:11:47.745,2433,1,100.00,54.98
2026-06-04 22:11:47.815,2434,1,100.00,61.69
2026-06-04 22:11:47.897,2435,1,100.00,65.02
2026-06-04 22:11:47.969,2436,1,100.00,59.02
2026-06-04 22:11:48.045,2437,1,100.00,57.79
2026-06-04 22:11:48.106,2438,1,100.00,56.14
2026-06-04 22:11:48.174,2439,1,100.00,61.10
2026-06-04 22:11:48.239,2440,1,100.00,60.21
2026-06-04 22:11:48.308,2441,1,100.00,54.16
2026-06-04 22:11:48.375,2442,1,100.00,57.36
2026-06-04 22:11:48.434,2443,1,100.00,56.31
2026-06-04 22:11:48.499,2444,1,100.00,57.24
2026-06-04 22:11:48.563,2445,1,100.00,57.69
2026-06-04 22:11:48.623,2446,1,100.00,56.03
2026-06-04 22:11:48.683,2447,1,100.00,54.94
2026-06-04 22:11:48.746,2448,1,100.00,54.04
2026-06-04 22:11:48.810,2449,1,100.00,54.59
2026-06-04 22:11:48.887,2450,1,100.00,69.95
2026-06-04 22:11:48.956,2451,1,100.00,60.82
2026-06-04 22:11:49.045,2452,1,100.00,71.86
2026-06-04 22:11:49.109,2453,1,100.00,59.33
2026-06-04 22:11:49.176,2454,1,100.00,60.82
2026-06-04 22:11:49.242,2455,1,100.00,61.52
2026-06-04 22:11:49.307,2456,1,100.00,60.54
2026-06-04 22:11:49.389,2457,1,100.00,71.57
2026-06-04 22:11:49.470,2458,1,100.00,72.97
2026-06-04 22:11:49.555,2459,1,100.00,79.95
2026-06-04 22:11:49.645,2460,1,100.00,75.82
2026-06-04 22:11:49.721,2461,1,100.00,73.07
2026-06-04 22:11:49.788,2462,1,100.00,62.81
2026-06-04 22:11:49.879,2463,1,100.00,78.79
2026-06-04 22:11:49.969,2464,1,100.00,86.13
2026-06-04 22:11:50.046,2465,1,100.00,73.02
2026-06-04 22:11:50.109,2466,1,100.00,56.74
2026-06-04 22:11:50.189,2467,1,100.00,73.44
2026-06-04 22:11:50.268,2468,1,100.00,76.51
2026-06-04 22:11:50.340,2469,1,100.00,68.28
2026-06-04 22:11:50.428,2470,1,100.00,82.12
2026-06-04 22:11:50.532,2471,1,100.00,85.90
2026-06-04 22:11:50.618,2472,1,100.00,81.92
2026-06-04 22:11:50.700,2473,1,100.00,78.69
2026-06-04 22:11:50.784,2474,1,100.00,71.15
2026-06-04 22:11:50.864,2475,1,100.00,75.55
2026-06-04 22:11:50.951,2476,1,100.00,80.02
2026-06-04 22:11:51.035,2477,1,100.00,80.18
2026-06-04 22:11:51.110,2478,1,100.00,67.14
2026-06-04 22:11:51.189,2479,1,100.00,74.76
2026-06-04 22:11:51.273,2480,1,100.00,74.96
2026-06-04 22:11:51.363,2481,1,100.00,86.10
2026-06-04 22:11:51.441,2482,1,100.00,71.20
2026-06-04 22:11:51.528,2483,1,100.00,79.20
2026-06-04 22:11:51.628,2484,1,100.00,86.23
2026-06-04 22:11:51.710,2485,1,100.00,78.48
2026-06-04 22:11:51.810,2486,1,100.00,82.15
2026-06-04 22:11:51.886,2487,1,100.00,70.69
2026-06-04 22:11:51.948,2488,1,100.00,57.87
2026-06-04 22:11:52.017,2489,1,100.00,55.38
2026-06-04 22:11:52.088,2490,1,100.00,62.97
2026-06-04 22:11:52.168,2491,1,100.00,66.58
2026-06-04 22:11:52.245,2492,1,100.00,64.44
2026-06-04 22:11:52.328,2493,1,100.00,67.18
2026-06-04 22:11:52.400,2494,1,100.00,61.87
2026-06-04 22:11:52.495,2495,1,100.00,79.80
2026-06-04 22:11:52.568,2496,1,100.00,68.70
2026-06-04 22:11:52.646,2497,1,100.00,74.82
2026-06-04 22:11:52.730,2498,1,100.00,78.10
2026-06-04 22:11:52.819,2499,1,100.00,73.69
2026-06-04 22:11:52.929,2500,1,100.00,89.85
2026-06-04 22:11:53.008,2501,1,100.00,74.66
2026-06-04 22:11:53.095,2502,1,100.00,82.40
2026-06-04 22:11:53.182,2503,1,100.00,80.85
2026-06-04 22:11:53.258,2504,1,100.00,72.46
2026-06-04 22:11:53.337,2505,1,100.00,74.27
2026-06-04 22:11:53.434,2506,1,100.00,92.38
2026-06-04 22:11:53.516,2507,1,100.00,68.08
2026-06-04 22:11:53.608,2508,1,100.00,82.06
2026-06-04 22:11:53.691,2509,1,100.00,78.13
2026-06-04 22:11:53.762,2510,1,100.00,66.97
2026-06-04 22:11:53.842,2511,1,100.00,76.36
2026-06-04 22:11:53.945,2512,1,100.00,91.77
2026-06-04 22:11:54.034,2513,1,100.00,70.52
2026-06-04 22:11:54.128,2514,1,100.00,86.88
2026-06-04 22:11:54.213,2515,1,100.00,80.05
2026-06-04 22:11:54.299,2516,1,100.00,81.80
2026-06-04 22:11:54.404,2517,1,100.00,95.09
2026-06-04 22:11:54.491,2518,1,100.00,81.60
2026-06-04 22:11:54.584,2519,1,100.00,87.79
2026-06-04 22:11:54.673,2520,1,100.00,82.88
2026-06-04 22:11:54.755,2521,1,100.00,76.77
2026-06-04 22:11:54.846,2522,1,100.00,82.86
2026-06-04 22:11:54.932,2523,1,100.00,81.41
2026-06-04 22:11:55.018,2524,1,100.00,79.96
2026-06-04 22:11:55.114,2525,1,100.00,82.70
2026-06-04 22:11:55.209,2526,1,100.00,90.47
2026-06-04 22:11:55.304,2527,1,100.00,89.79
2026-06-04 22:11:55.370,2528,1,100.00,62.24
2026-06-04 22:11:55.444,2529,1,100.00,67.80
2026-06-04 22:11:55.554,2530,1,100.00,100.63
2026-06-04 22:11:55.639,2531,1,100.00,75.70
2026-06-04 22:11:55.738,2532,1,100.00,81.73
2026-06-04 22:11:55.834,2533,1,100.00,86.79
2026-06-04 22:11:55.933,2534,1,100.00,89.96
2026-06-04 22:11:56.028,2535,1,100.00,89.03
2026-06-04 22:11:56.120,2536,1,100.00,88.87
2026-06-04 22:11:56.201,2537,1,100.00,75.12
2026-06-04 22:11:56.307,2538,1,100.00,90.08
2026-06-04 22:11:56.389,2539,1,100.00,78.07
2026-06-04 22:11:56.487,2540,1,100.00,93.41
2026-06-04 22:11:56.583,2541,1,100.00,92.05
2026-06-04 22:11:56.677,2542,1,100.00,82.51
2026-06-04 22:11:56.767,2543,1,100.00,85.43
2026-06-04 22:11:56.862,2544,1,100.00,90.35
2026-06-04 22:11:56.970,2545,1,100.00,95.15
2026-06-04 22:11:57.065,2546,1,100.00,91.77
2026-06-04 22:11:57.163,2547,1,100.00,92.82
2026-06-04 22:11:57.245,2548,1,100.00,75.87
2026-06-04 22:11:57.329,2549,1,100.00,79.75
2026-06-04 22:11:57.422,2550,1,100.00,88.33
2026-06-04 22:11:57.494,2551,1,100.00,65.99
2026-06-04 22:11:57.590,2552,1,100.00,87.32
2026-06-04 22:11:57.691,2553,1,100.00,96.56
2026-06-04 22:11:57.798,2554,1,100.00,92.65
2026-06-04 22:11:57.888,2555,1,100.00,84.73
2026-06-04 22:11:57.963,2556,1,100.00,71.53
2026-06-04 22:11:58.051,2557,1,100.00,79.52
2026-06-04 22:11:58.152,2558,1,100.00,85.89
2026-06-04 22:11:58.234,2559,1,100.00,78.62
2026-06-04 22:11:58.330,2560,1,100.00,91.15
2026-06-04 22:11:58.420,2561,1,100.00,86.27
2026-06-04 22:11:58.511,2562,1,100.00,87.43
2026-06-04 22:11:58.601,2563,1,100.00,86.91
2026-06-04 22:11:58.699,2564,1,100.00,94.11
2026-06-04 22:11:58.799,2565,1,100.00,94.13
2026-06-04 22:11:58.880,2566,1,100.00,76.19
2026-06-04 22:11:58.971,2567,1,100.00,86.91
2026-06-04 22:11:59.066,2568,1,100.00,91.11
2026-06-04 22:11:59.157,2569,1,100.00,86.54
2026-06-04 22:11:59.251,2570,1,100.00,89.67
2026-06-04 22:11:59.341,2571,1,100.00,86.48
2026-06-04 22:11:59.435,2572,1,100.00,82.12
2026-06-04 22:11:59.520,2573,1,100.00,80.14
2026-06-04 22:11:59.615,2574,1,100.00,88.62
2026-06-04 22:11:59.705,2575,1,100.00,84.16
2026-06-04 22:11:59.790,2576,1,100.00,79.52
2026-06-04 22:11:59.877,2577,1,100.00,82.89
2026-06-04 22:11:59.961,2578,1,100.00,79.74
2026-06-04 22:12:00.042,2579,1,100.00,75.88
2026-06-04 22:12:00.135,2580,1,100.00,76.18
2026-06-04 22:12:00.227,2581,1,100.00,87.67
2026-06-04 22:12:00.317,2582,1,100.00,84.86
2026-06-04 22:12:00.405,2583,1,100.00,81.29
2026-06-04 22:12:00.512,2584,1,100.00,91.79
2026-06-04 22:12:00.608,2585,1,100.00,89.94
2026-06-04 22:12:00.702,2586,1,100.00,88.75
2026-06-04 22:12:00.808,2587,1,100.00,92.63
2026-06-04 22:12:00.915,2588,1,100.00,89.47
2026-06-04 22:12:01.022,2589,1,100.00,86.84
2026-06-04 22:12:01.112,2590,1,100.00,85.91
2026-06-04 22:12:01.191,2591,1,100.00,69.83
2026-06-04 22:12:01.281,2592,1,100.00,82.42
2026-06-04 22:12:01.379,2593,1,100.00,93.26
2026-06-04 22:12:01.461,2594,1,100.00,76.03
2026-06-04 22:12:01.530,2595,1,100.00,63.37
2026-06-04 22:12:01.632,2596,1,100.00,89.84
2026-06-04 22:12:01.723,2597,1,100.00,86.02
2026-06-04 22:12:01.801,2598,1,100.00,71.92
2026-06-04 22:12:01.887,2599,1,100.00,80.08
2026-06-04 22:12:01.962,2600,1,100.00,70.50
2026-06-04 22:12:02.040,2601,1,100.00,75.20
2026-06-04 22:12:02.128,2602,1,100.00,83.81
2026-06-04 22:12:02.191,2603,1,100.00,60.06
2026-06-04 22:12:02.251,2604,1,100.00,56.01
2026-06-04 22:12:02.333,2605,1,100.00,77.56
2026-06-04 22:12:02.418,2606,1,100.00,80.07
2026-06-04 22:12:02.513,2607,1,100.00,90.60
2026-06-04 22:12:02.606,2608,1,100.00,89.26
2026-06-04 22:12:02.698,2609,1,100.00,80.01
2026-06-04 22:12:02.788,2610,1,100.00,76.86
2026-06-04 22:12:02.872,2611,1,100.00,67.56
2026-06-04 22:12:02.951,2612,1,100.00,68.37
2026-06-04 22:12:03.029,2613,1,100.00,73.36
2026-06-04 22:12:03.111,2614,1,100.00,73.27
2026-06-04 22:12:03.205,2615,1,100.00,87.36
2026-06-04 22:12:03.298,2616,1,100.00,85.69
2026-06-04 22:12:03.387,2617,1,100.00,85.12
2026-06-04 22:12:03.475,2618,1,100.00,83.69
2026-06-04 22:12:03.556,2619,1,100.00,75.88
2026-06-04 22:12:03.658,2620,1,100.00,84.81
2026-06-04 22:12:03.722,2621,1,100.00,60.44
2026-06-04 22:12:03.809,2622,1,100.00,80.11
2026-06-04 22:12:03.898,2623,1,100.00,83.87
2026-06-04 22:12:03.969,2624,1,100.00,65.09
2026-06-04 22:12:04.043,2625,1,100.00,70.77
2026-06-04 22:12:04.130,2626,1,100.00,82.46
2026-06-04 22:12:04.210,2627,1,100.00,74.82
2026-06-04 22:12:04.294,2628,1,100.00,78.97
2026-06-04 22:12:04.396,2629,1,100.00,87.33
2026-06-04 22:12:04.464,2630,1,100.00,64.09
2026-06-04 22:12:04.538,2631,1,100.00,69.28
2026-06-04 22:12:04.624,2632,1,100.00,82.37
2026-06-04 22:12:04.730,2633,1,100.00,91.74
2026-06-04 22:12:04.830,2634,1,100.00,95.00
2026-06-04 22:12:04.933,2635,1,100.00,86.14
2026-06-04 22:12:05.007,2636,1,100.00,69.97
2026-06-04 22:12:05.082,2637,1,100.00,70.88
2026-06-04 22:12:05.145,2638,1,100.00,58.98
2026-06-04 22:12:05.228,2639,1,100.00,72.24
2026-06-04 22:12:05.308,2640,1,100.00,74.61
2026-06-04 22:12:05.380,2641,1,100.00,67.92
2026-06-04 22:12:05.455,2642,1,100.00,65.86
2026-06-04 22:12:05.540,2643,1,100.00,73.48
2026-06-04 22:12:05.627,2644,1,100.00,80.29
2026-06-04 22:12:05.715,2645,1,100.00,83.50
2026-06-04 22:12:05.788,2646,1,100.00,68.05
2026-06-04 22:12:05.865,2647,1,100.00,73.22
2026-06-04 22:12:05.950,2648,1,100.00,80.61
2026-06-04 22:12:06.026,2649,1,100.00,68.34
2026-06-04 22:12:06.095,2650,1,100.00,60.01
2026-06-04 22:12:06.192,2651,1,100.00,78.05
2026-06-04 22:12:06.275,2652,1,100.00,68.33
2026-06-04 22:12:06.348,2653,1,100.00,61.89
2026-06-04 22:12:06.433,2654,1,100.00,67.01
2026-06-04 22:12:06.495,2655,1,100.00,59.73
2026-06-04 22:12:06.565,2656,1,100.00,66.67
2026-06-04 22:12:06.633,2657,1,100.00,63.43
2026-06-04 22:12:06.729,2658,1,100.00,79.85
2026-06-04 22:12:06.821,2659,1,100.00,89.13
2026-06-04 22:12:06.888,2660,1,100.00,61.29
2026-06-04 22:12:06.957,2661,1,100.00,56.35
2026-06-04 22:12:07.039,2662,1,100.00,75.80
2026-06-04 22:12:07.129,2663,1,100.00,70.02
2026-06-04 22:12:07.209,2664,1,100.00,74.51
2026-06-04 22:12:07.279,2665,1,100.00,62.97
2026-06-04 22:12:07.371,2666,1,100.00,77.66
2026-06-04 22:12:07.462,2667,1,100.00,75.28
2026-06-04 22:12:07.571,2668,1,100.00,89.83
2026-06-04 22:12:07.652,2669,1,100.00,77.30
2026-06-04 22:12:07.731,2670,1,100.00,62.43
2026-06-04 22:12:07.816,2671,1,100.00,67.87
2026-06-04 22:12:07.903,2672,1,100.00,74.81
2026-06-04 22:12:08.022,2673,1,100.00,96.33
2026-06-04 22:12:08.120,2674,1,100.00,92.87
2026-06-04 22:12:08.199,2675,1,100.00,71.53
2026-06-04 22:12:08.276,2676,1,100.00,72.08
2026-06-04 22:12:08.366,2677,1,100.00,86.56
2026-06-04 22:12:08.445,2678,1,100.00,73.67
2026-06-04 22:12:08.522,2679,1,100.00,73.19
2026-06-04 22:12:08.612,2680,1,100.00,85.18
2026-06-04 22:12:08.694,2681,1,100.00,77.52
2026-06-04 22:12:08.797,2682,1,100.00,86.67
2026-06-04 22:12:08.886,2683,1,100.00,80.91
2026-06-04 22:12:08.987,2684,1,100.00,86.95
2026-06-04 22:12:09.069,2685,1,100.00,76.73
2026-06-04 22:12:09.159,2686,1,100.00,85.97
2026-06-04 22:12:09.234,2687,1,100.00,68.43
2026-06-04 22:12:09.310,2688,1,100.00,67.34
2026-06-04 22:12:09.388,2689,1,100.00,69.04
2026-06-04 22:12:09.456,2690,1,100.00,60.39
2026-06-04 22:12:09.536,2691,1,100.00,77.43
2026-06-04 22:12:09.631,2692,1,100.00,92.82
2026-06-04 22:12:09.724,2693,1,100.00,87.95
2026-06-04 22:12:09.800,2694,1,100.00,70.91
2026-06-04 22:12:09.905,2695,1,100.00,86.92
2026-06-04 22:12:09.996,2696,1,100.00,85.63
2026-06-04 22:12:10.079,2697,1,100.00,73.40
2026-06-04 22:12:10.173,2698,1,100.00,77.22
2026-06-04 22:12:10.265,2699,1,100.00,88.03
2026-06-04 22:12:10.359,2700,1,100.00,75.33
2026-06-04 22:12:10.439,2701,1,100.00,77.31
2026-06-04 22:12:10.550,2702,1,100.00,92.40
2026-06-04 22:12:10.647,2703,1,100.00,93.22
2026-06-04 22:12:10.735,2704,1,100.00,83.51
2026-06-04 22:12:10.845,2705,1,100.00,93.18
2026-06-04 22:12:10.940,2706,1,100.00,88.84
2026-06-04 22:12:11.031,2707,1,100.00,85.67
2026-06-04 22:12:11.128,2708,1,100.00,83.06
2026-06-04 22:12:11.208,2709,1,100.00,74.96
2026-06-04 22:12:11.305,2710,1,100.00,88.51
2026-06-04 22:12:11.408,2711,1,100.00,83.59
2026-06-04 22:12:11.507,2712,1,100.00,95.11
2026-06-04 22:12:11.596,2713,1,100.00,83.33
2026-06-04 22:12:11.696,2714,1,100.00,88.95
2026-06-04 22:12:11.805,2715,1,100.00,89.98
2026-06-04 22:12:11.912,2716,1,100.00,86.35
2026-06-04 22:12:11.997,2717,1,100.00,81.00
2026-06-04 22:12:12.093,2718,1,100.00,81.07
2026-06-04 22:12:12.199,2719,1,100.00,92.00
2026-06-04 22:12:12.297,2720,1,100.00,93.37
2026-06-04 22:12:12.382,2721,1,100.00,79.95
2026-06-04 22:12:12.475,2722,1,100.00,85.67
2026-06-04 22:12:12.564,2723,1,100.00,85.10
2026-06-04 22:12:12.663,2724,1,100.00,90.74
2026-06-04 22:12:12.758,2725,1,100.00,88.85
2026-06-04 22:12:12.849,2726,1,100.00,71.65
2026-06-04 22:12:12.930,2727,1,100.00,72.40
2026-06-04 22:12:13.039,2728,1,100.00,88.97
2026-06-04 22:12:13.132,2729,1,100.00,86.97
2026-06-04 22:12:13.228,2730,1,100.00,88.88
2026-06-04 22:12:13.311,2731,1,100.00,77.67
2026-06-04 22:12:13.401,2732,1,100.00,86.12
2026-06-04 22:12:13.485,2733,1,100.00,79.35
2026-06-04 22:12:13.593,2734,1,100.00,94.42
2026-06-04 22:12:13.679,2735,1,100.00,82.49
2026-06-04 22:12:13.781,2736,1,100.00,95.75
2026-06-04 22:12:13.853,2737,1,100.00,66.14
2026-06-04 22:12:13.930,2738,1,100.00,73.18
2026-06-04 22:12:14.023,2739,1,100.00,89.38
2026-06-04 22:12:14.106,2740,1,100.00,78.67
2026-06-04 22:12:14.211,2741,1,100.00,86.36
2026-06-04 22:12:14.297,2742,1,100.00,77.91
2026-06-04 22:12:14.395,2743,1,100.00,84.52
2026-06-04 22:12:14.490,2744,1,100.00,85.99
2026-06-04 22:12:14.591,2745,1,100.00,91.01
2026-06-04 22:12:14.690,2746,1,100.00,94.94
2026-06-04 22:12:14.789,2747,1,100.00,88.42
2026-06-04 22:12:14.867,2748,1,100.00,73.85
2026-06-04 22:12:14.953,2749,1,100.00,80.04
2026-06-04 22:12:15.044,2750,1,100.00,85.88
2026-06-04 22:12:15.123,2751,1,100.00,74.41
2026-06-04 22:12:15.199,2752,1,100.00,71.36
2026-06-04 22:12:15.287,2753,1,100.00,83.52
2026-06-04 22:12:15.389,2754,1,100.00,97.16
2026-06-04 22:12:15.482,2755,1,100.00,87.11
2026-06-04 22:12:15.559,2756,1,100.00,70.87
2026-06-04 22:12:15.677,2757,1,100.00,98.95
2026-06-04 22:12:15.742,2758,1,100.00,61.18
2026-06-04 22:12:15.823,2759,1,100.00,76.22
2026-06-04 22:12:15.904,2760,1,100.00,76.98
2026-06-04 22:12:15.980,2761,1,100.00,58.48
2026-06-04 22:12:16.058,2762,1,100.00,73.28
2026-06-04 22:12:16.159,2763,1,100.00,81.63
2026-06-04 22:12:16.248,2764,1,100.00,76.41
2026-06-04 22:12:16.338,2765,1,100.00,86.32
2026-06-04 22:12:16.414,2766,1,100.00,72.52
2026-06-04 22:12:16.513,2767,1,100.00,89.75
2026-06-04 22:12:16.601,2768,1,100.00,83.26
2026-06-04 22:12:16.685,2769,1,100.00,80.65
2026-06-04 22:12:16.790,2770,1,100.00,100.92
2026-06-04 22:12:16.850,2771,1,100.00,55.10
2026-06-04 22:12:16.926,2772,1,100.00,66.13
2026-06-04 22:12:17.008,2773,1,100.00,70.95
2026-06-04 22:12:17.089,2774,1,100.00,77.48
2026-06-04 22:12:17.171,2775,1,100.00,77.23
2026-06-04 22:12:17.273,2776,1,100.00,97.45
2026-06-04 22:12:17.365,2777,1,100.00,88.11
2026-06-04 22:12:17.465,2778,1,100.00,89.33
2026-06-04 22:12:17.547,2779,1,100.00,79.32
2026-06-04 22:12:17.650,2780,1,100.00,86.29
2026-06-04 22:12:17.726,2781,1,100.00,68.24
2026-06-04 22:12:17.815,2782,1,100.00,80.51
2026-06-04 22:12:17.887,2783,1,100.00,67.81
2026-06-04 22:12:17.991,2784,1,100.00,84.54
2026-06-04 22:12:18.079,2785,1,100.00,83.12
2026-06-04 22:12:18.165,2786,1,100.00,81.82
2026-06-04 22:12:18.241,2787,1,100.00,68.65
2026-06-04 22:12:18.326,2788,1,100.00,73.46
2026-06-04 22:12:18.420,2789,1,100.00,88.29
2026-06-04 22:12:18.512,2790,1,100.00,73.29
2026-06-04 22:12:18.593,2791,1,100.00,75.54
2026-06-04 22:12:18.687,2792,1,100.00,88.11
2026-06-04 22:12:18.775,2793,1,100.00,84.22
2026-06-04 22:12:18.866,2794,1,100.00,82.05
2026-06-04 22:12:18.949,2795,1,100.00,78.42
2026-06-04 22:12:19.036,2796,1,100.00,79.09
2026-06-04 22:12:19.125,2797,1,100.00,83.33
2026-06-04 22:12:19.227,2798,1,100.00,83.30
2026-06-04 22:12:19.319,2799,1,100.00,86.76
2026-06-04 22:12:19.413,2800,1,100.00,89.84
2026-06-04 22:12:19.499,2801,1,100.00,81.21
2026-06-04 22:12:19.596,2802,1,100.00,90.85
2026-06-04 22:12:19.695,2803,1,100.00,93.90
2026-06-04 22:12:19.805,2804,1,100.00,97.27
2026-06-04 22:12:19.898,2805,1,100.00,87.93
2026-06-04 22:12:19.992,2806,1,100.00,80.78
2026-06-04 22:12:20.076,2807,1,100.00,78.84
2026-06-04 22:12:20.166,2808,1,100.00,85.05
2026-06-04 22:12:20.257,2809,1,100.00,87.74
2026-06-04 22:12:20.345,2810,1,100.00,73.38
2026-06-04 22:12:20.430,2811,1,100.00,80.91
2026-06-04 22:12:20.507,2812,1,100.00,73.50
2026-06-04 22:12:20.602,2813,1,100.00,79.22
2026-06-04 22:12:20.688,2814,1,100.00,81.50
2026-06-04 22:12:20.772,2815,1,100.00,77.59
2026-06-04 22:12:20.876,2816,1,100.00,87.10
2026-06-04 22:12:20.962,2817,1,100.00,83.10
2026-06-04 22:12:21.057,2818,1,100.00,82.37
2026-06-04 22:12:21.149,2819,1,100.00,88.10
2026-06-04 22:12:21.251,2820,1,100.00,89.81
2026-06-04 22:12:21.333,2821,1,100.00,74.60
2026-06-04 22:12:21.407,2822,1,100.00,71.08
2026-06-04 22:12:21.500,2823,1,100.00,86.96
2026-06-04 22:12:21.578,2824,1,100.00,70.89
2026-06-04 22:12:21.670,2825,1,100.00,85.44
2026-06-04 22:12:21.754,2826,1,100.00,74.63
2026-06-04 22:12:21.862,2827,1,100.00,88.65
2026-06-04 22:12:21.947,2828,1,100.00,80.30
2026-06-04 22:12:22.042,2829,1,100.00,83.36
2026-06-04 22:12:22.131,2830,1,100.00,84.96
2026-06-04 22:12:22.210,2831,1,100.00,74.51
2026-06-04 22:12:22.288,2832,1,100.00,74.05
2026-06-04 22:12:22.373,2833,1,100.00,80.27
2026-06-04 22:12:22.450,2834,1,100.00,73.02
2026-06-04 22:12:22.538,2835,1,100.00,80.64
2026-06-04 22:12:22.619,2836,1,100.00,76.93
2026-06-04 22:12:22.701,2837,1,100.00,72.10
2026-06-04 22:12:22.792,2838,1,100.00,83.57
2026-06-04 22:12:22.882,2839,1,100.00,85.09
2026-06-04 22:12:22.983,2840,1,100.00,85.01
2026-06-04 22:12:23.075,2841,1,100.00,87.73
2026-06-04 22:12:23.161,2842,1,100.00,75.05
2026-06-04 22:12:23.244,2843,1,100.00,79.02
2026-06-04 22:12:23.330,2844,1,100.00,81.68
2026-06-04 22:12:23.434,2845,1,100.00,92.14
2026-06-04 22:12:23.534,2846,1,100.00,93.99
2026-06-04 22:12:23.622,2847,1,100.00,82.89
2026-06-04 22:12:23.703,2848,1,100.00,76.72
2026-06-04 22:12:23.796,2849,1,100.00,87.59
2026-06-04 22:12:23.898,2850,1,100.00,98.29
2026-06-04 22:12:23.982,2851,1,100.00,79.38
2026-06-04 22:12:24.074,2852,1,100.00,84.96
2026-06-04 22:12:24.159,2853,1,100.00,81.64
2026-06-04 22:12:24.257,2854,1,100.00,80.38
2026-06-04 22:12:24.338,2855,1,100.00,77.22
2026-06-04 22:12:24.441,2856,1,100.00,94.09
2026-06-04 22:12:24.524,2857,1,100.00,78.70
2026-06-04 22:12:24.603,2858,1,100.00,69.28
2026-06-04 22:12:24.701,2859,1,100.00,89.35
2026-06-04 22:12:24.788,2860,1,100.00,83.02
2026-06-04 22:12:24.871,2861,1,100.00,79.50
2026-06-04 22:12:24.956,2862,1,100.00,79.92
2026-06-04 22:12:25.042,2863,1,100.00,80.39
2026-06-04 22:12:25.135,2864,1,100.00,88.22
2026-06-04 22:12:25.225,2865,1,100.00,85.16
2026-06-04 22:12:25.313,2866,1,100.00,81.09
2026-06-04 22:12:25.403,2867,1,100.00,77.57
2026-06-04 22:12:25.489,2868,1,100.00,68.66
2026-06-04 22:12:25.566,2869,1,100.00,68.50
2026-06-04 22:12:25.633,2870,1,100.00,57.85
2026-06-04 22:12:25.697,2871,1,100.00,59.90
2026-06-04 22:12:25.784,2872,1,100.00,83.31
2026-06-04 22:12:25.867,2873,1,100.00,73.74
2026-06-04 22:12:25.958,2874,1,100.00,88.33
2026-06-04 22:12:26.038,2875,1,100.00,77.43
2026-06-04 22:12:26.126,2876,1,100.00,81.60
2026-06-04 22:12:26.225,2877,1,100.00,87.02
2026-06-04 22:12:26.295,2878,1,100.00,66.09
2026-06-04 22:12:26.387,2879,1,100.00,87.99
2026-06-04 22:12:26.473,2880,1,100.00,81.80
2026-06-04 22:12:26.566,2881,1,100.00,89.17
2026-06-04 22:12:26.671,2882,1,100.00,91.04
2026-06-04 22:12:26.770,2883,1,100.00,95.48
2026-06-04 22:12:26.863,2884,1,100.00,89.08
2026-06-04 22:12:26.968,2885,1,100.00,92.02
2026-06-04 22:12:27.068,2886,1,100.00,95.77
2026-06-04 22:12:27.161,2887,1,100.00,87.61
2026-06-04 22:12:27.271,2888,1,100.00,93.93
2026-06-04 22:12:27.357,2889,1,100.00,80.15
2026-06-04 22:12:27.444,2890,1,100.00,68.76
2026-06-04 22:12:27.526,2891,1,100.00,72.64
2026-06-04 22:12:27.602,2892,1,100.00,69.29
2026-06-04 22:12:27.674,2893,1,100.00,64.92
2026-06-04 22:12:27.753,2894,1,100.00,64.05
2026-06-04 22:12:27.833,2895,1,100.00,65.69
2026-06-04 22:12:27.906,2896,1,100.00,67.95
2026-06-04 22:12:27.975,2897,1,100.00,66.24
2026-06-04 22:12:28.069,2898,1,100.00,83.03
2026-06-04 22:12:28.141,2899,1,100.00,67.54
2026-06-04 22:12:28.210,2900,1,100.00,64.97
2026-06-04 22:12:28.281,2901,1,100.00,56.81
2026-06-04 22:12:28.345,2902,1,100.00,58.66
2026-06-04 22:12:28.435,2903,1,100.00,70.19
2026-06-04 22:12:28.509,2904,1,100.00,63.70
2026-06-04 22:12:28.585,2905,1,100.00,60.67
2026-06-04 22:12:28.660,2906,1,100.00,60.70
2026-06-04 22:12:28.722,2907,1,100.00,57.16
2026-06-04 22:12:28.791,2908,1,100.00,64.74
2026-06-04 22:12:28.852,2909,1,100.00,58.22
2026-06-04 22:12:28.923,2910,1,100.00,54.20
2026-06-04 22:12:28.984,2911,1,100.00,52.31
2026-06-04 22:12:29.045,2912,1,100.00,51.97
2026-06-04 22:12:29.122,2913,1,100.00,66.42
2026-06-04 22:12:29.181,2914,1,100.00,55.09
2026-06-04 22:12:29.254,2915,1,100.00,56.65
2026-06-04 22:12:29.309,2916,1,100.00,52.16
2026-06-04 22:12:29.374,2917,1,100.00,53.66
2026-06-04 22:12:29.438,2918,1,100.00,54.83
2026-06-04 22:12:29.501,2919,1,100.00,54.95
2026-06-04 22:12:29.563,2920,1,100.00,54.19
2026-06-04 22:12:29.625,2921,1,100.00,54.03
2026-06-04 22:12:29.701,2922,1,100.00,64.11
2026-06-04 22:12:29.775,2923,1,100.00,62.68
2026-06-04 22:12:29.855,2924,1,100.00,64.11
2026-06-04 22:12:29.925,2925,1,100.00,54.79
2026-06-04 22:12:30.005,2926,1,100.00,71.69
2026-06-04 22:12:30.086,2927,1,100.00,72.75
2026-06-04 22:12:30.166,2928,1,100.00,61.54
2026-06-04 22:12:30.253,2929,1,100.00,71.22
2026-06-04 22:12:30.319,2930,1,100.00,59.96
2026-06-04 22:12:30.419,2931,1,100.00,81.93
2026-06-04 22:12:30.528,2932,1,100.00,96.72
2026-06-04 22:12:30.639,2933,1,100.00,97.56
2026-06-04 22:12:30.764,2934,1,100.00,110.93
2026-06-04 22:12:30.815,2935,1,100.00,46.55
2026-06-04 22:12:30.877,2936,1,100.00,55.80
2026-06-04 22:12:30.937,2937,1,100.00,53.49
2026-06-04 22:12:31.001,2938,1,100.00,55.35
2026-06-04 22:12:31.074,2939,1,100.00,66.38
2026-06-04 22:12:31.151,2940,1,100.00,64.95
2026-06-04 22:12:31.229,2941,1,100.00,65.70
2026-06-04 22:12:31.312,2942,1,100.00,70.21
2026-06-04 22:12:31.380,2943,1,100.00,63.08
2026-06-04 22:12:31.460,2944,1,100.00,75.76
2026-06-04 22:12:31.537,2945,1,100.00,58.03
2026-06-04 22:12:31.572,2946,1,100.00,28.23
2026-06-04 22:12:31.602,2947,1,100.00,27.94
2026-06-04 22:12:31.632,2948,1,100.00,26.34
2026-06-04 22:12:31.683,2949,1,100.00,31.15
2026-06-04 22:12:31.725,2950,1,100.00,31.09
2026-06-04 22:12:31.779,2951,1,100.00,37.32
2026-06-04 22:12:31.816,2952,1,100.00,27.85
2026-06-04 22:12:31.851,2953,1,100.00,30.12
2026-06-04 22:12:31.880,2954,1,100.00,25.73
2026-06-04 22:12:31.925,2955,1,100.00,25.79
2026-06-04 22:12:31.957,2956,1,100.00,26.10
2026-06-04 22:12:31.990,2957,1,100.00,26.72
2026-06-04 22:12:32.019,2958,1,100.00,25.20
2026-06-04 22:12:32.049,2959,1,100.00,24.74
2026-06-04 22:12:32.081,2960,1,100.00,26.13
2026-06-04 22:12:32.112,2961,1,100.00,26.15
2026-06-04 22:12:32.143,2962,1,100.00,25.77
2026-06-04 22:12:32.178,2963,1,100.00,29.47
2026-06-04 22:12:32.207,2964,1,100.00,24.76
2026-06-04 22:12:32.238,2965,1,100.00,27.84
2026-06-04 22:12:32.269,2966,1,100.00,27.20
2026-06-04 22:12:32.299,2967,1,100.00,25.92
2026-06-04 22:12:32.331,2968,1,100.00,26.23
2026-06-04 22:12:32.523,2969,1,100.00,66.54
2026-06-04 22:12:32.600,2970,1,100.00,27.61
2026-06-04 22:12:32.646,2971,1,100.00,27.41
2026-06-04 22:12:32.676,2972,1,100.00,26.42
2026-06-04 22:12:32.707,2973,1,100.00,25.82
2026-06-04 22:12:32.745,2974,1,100.00,32.06
2026-06-04 22:12:32.772,2975,1,100.00,24.52
2026-06-04 22:12:32.810,2976,1,100.00,34.95
2026-06-04 22:12:32.840,2977,1,100.00,27.49
2026-06-04 22:12:32.879,2978,1,100.00,25.38
2026-06-04 22:12:32.912,2979,1,100.00,27.52
2026-06-04 22:12:32.943,2980,1,100.00,27.49
2026-06-04 22:12:32.977,2981,1,100.00,29.92
2026-06-04 22:12:33.005,2982,1,100.00,24.84
2026-06-04 22:12:33.051,2983,1,100.00,27.30
2026-06-04 22:12:33.081,2984,1,100.00,26.15
2026-06-04 22:12:33.112,2985,1,100.00,26.32
2026-06-04 22:12:33.143,2986,1,100.00,25.24
2026-06-04 22:12:33.175,2987,1,100.00,27.12
2026-06-04 22:12:33.205,2988,1,100.00,27.19
2026-06-04 22:12:33.237,2989,1,100.00,26.74
2026-06-04 22:12:33.409,2990,1,100.00,62.17
2026-06-04 22:12:33.464,2991,1,100.00,27.13
2026-06-04 22:12:33.495,2992,1,100.00,28.16
2026-06-04 22:12:33.526,2993,1,100.00,28.14
2026-06-04 22:12:33.554,2994,1,100.00,25.41
2026-06-04 22:12:33.593,2995,1,100.00,24.93
2026-06-04 22:12:33.622,2996,1,100.00,26.97
2026-06-04 22:12:33.652,2997,1,100.00,28.04
2026-06-04 22:12:33.691,2998,1,100.00,28.55
2026-06-04 22:12:33.735,2999,1,100.00,25.59
2026-06-04 22:12:33.763,3000,1,100.00,25.25
2026-06-04 22:12:33.797,3001,1,100.00,27.25
2026-06-04 22:12:33.827,3002,1,100.00,27.13
2026-06-04 22:12:33.859,3003,1,100.00,27.76
2026-06-04 22:12:33.889,3004,1,100.00,25.83
2026-06-04 22:12:33.921,3005,1,100.00,25.97
2026-06-04 22:12:33.957,3006,1,100.00,31.20
2026-06-04 22:12:33.986,3007,1,100.00,25.19
2026-06-04 22:12:34.017,3008,1,100.00,27.14
2026-06-04 22:12:34.047,3009,1,100.00,25.42
2026-06-04 22:12:34.078,3010,1,100.00,24.73
2026-06-04 22:12:34.111,3011,1,100.00,26.10
2026-06-04 22:12:34.142,3012,1,100.00,26.07
2026-06-04 22:12:34.174,3013,1,100.00,27.09
2026-06-04 22:12:34.203,3014,1,100.00,24.28
2026-06-04 22:12:34.234,3015,1,100.00,22.96
2026-06-04 22:12:34.266,3016,1,100.00,24.79
2026-06-04 22:12:34.301,3017,1,100.00,28.41
2026-06-04 22:12:34.329,3018,1,100.00,25.87
2026-06-04 22:12:34.364,3019,1,100.00,29.29
2026-06-04 22:12:34.400,3020,1,100.00,32.61
2026-06-04 22:12:34.453,3021,1,100.00,42.33
2026-06-04 22:12:34.497,3022,1,100.00,36.74
2026-06-04 22:12:34.544,3023,1,100.00,37.58
2026-06-04 22:12:34.581,3024,1,100.00,27.89
2026-06-04 22:12:34.611,3025,1,100.00,26.22
2026-06-04 22:12:34.647,3026,1,100.00,30.13
2026-06-04 22:12:34.690,3027,1,100.00,25.75
2026-06-04 22:12:34.725,3028,1,100.00,29.14
2026-06-04 22:12:34.754,3029,1,100.00,25.58
2026-06-04 22:12:34.785,3030,1,100.00,27.13
2026-06-04 22:12:34.815,3031,1,100.00,26.66
2026-06-04 22:12:34.846,3032,1,100.00,26.01
2026-06-04 22:12:34.879,3033,1,100.00,27.71
2026-06-04 22:12:34.912,3034,1,100.00,28.52
2026-06-04 22:12:34.983,3035,1,100.00,52.98
2026-06-04 22:12:35.029,3036,1,100.00,35.85
2026-06-04 22:12:35.061,3037,1,100.00,27.66
2026-06-04 22:12:35.103,3038,1,100.00,31.77
2026-06-04 22:12:35.186,3039,1,100.00,67.20
2026-06-04 22:12:35.250,3040,1,100.00,52.52
2026-06-04 22:12:35.327,3041,1,100.00,67.08
2026-06-04 22:12:35.406,3042,1,100.00,68.85
2026-06-04 22:12:35.493,3043,1,100.00,80.14
2026-06-04 22:12:35.585,3044,1,100.00,87.26
2026-06-04 22:12:35.702,3045,1,100.00,103.82
2026-06-04 22:12:35.791,3046,1,100.00,85.03
2026-06-04 22:12:35.856,3047,1,100.00,54.86
2026-06-04 22:12:35.917,3048,1,100.00,53.05
2026-06-04 22:12:35.986,3049,1,100.00,63.96
2026-06-04 22:12:36.047,3050,1,100.00,57.62
2026-06-04 22:12:36.119,3051,1,100.00,64.25
2026-06-04 22:12:36.203,3052,1,100.00,79.99
2026-06-04 22:12:36.284,3053,1,100.00,78.06
2026-06-04 22:12:36.375,3054,1,100.00,84.77
2026-06-04 22:12:36.465,3055,1,100.00,85.69
2026-06-04 22:12:36.545,3056,1,100.00,75.79
2026-06-04 22:12:36.619,3057,1,100.00,69.48
2026-06-04 22:12:36.703,3058,1,100.00,81.53
2026-06-04 22:12:36.774,3059,1,100.00,61.31
2026-06-04 22:12:36.857,3060,1,100.00,67.07
2026-06-04 22:12:36.944,3061,1,100.00,75.52
2026-06-04 22:12:37.023,3062,1,100.00,61.04
2026-06-04 22:12:37.090,3063,1,100.00,49.70
2026-06-04 22:12:37.176,3064,1,100.00,72.28
2026-06-04 22:12:37.243,3065,1,100.00,64.80
2026-06-04 22:12:37.324,3066,1,100.00,75.45
2026-06-04 22:12:37.410,3067,1,100.00,81.66
2026-06-04 22:12:37.479,3068,1,100.00,65.85
2026-06-04 22:12:37.545,3069,1,100.00,60.70
2026-06-04 22:12:37.646,3070,1,100.00,87.06
2026-06-04 22:12:37.737,3071,1,100.00,83.97
2026-06-04 22:12:37.813,3072,1,100.00,72.30
2026-06-04 22:12:37.886,3073,1,100.00,62.92
2026-06-04 22:12:37.960,3074,1,100.00,58.67
2026-06-04 22:12:38.017,3075,1,100.00,52.93
2026-06-04 22:12:38.076,3076,1,100.00,48.22
2026-06-04 22:12:38.140,3077,1,100.00,51.31
2026-06-04 22:12:38.209,3078,1,100.00,58.10
2026-06-04 22:12:38.279,3079,1,100.00,66.13
2026-06-04 22:12:38.357,3080,1,100.00,66.22
2026-06-04 22:12:38.423,3081,1,100.00,62.39
2026-06-04 22:12:38.489,3082,1,100.00,55.65
2026-06-04 22:12:38.553,3083,1,100.00,58.54
2026-06-04 22:12:38.643,3084,1,100.00,70.74
2026-06-04 22:12:38.710,3085,1,100.00,60.33
2026-06-04 22:12:38.788,3086,1,100.00,58.93
2026-06-04 22:12:38.868,3087,1,100.00,60.20
2026-06-04 22:12:38.955,3088,1,100.00,69.70
2026-06-04 22:12:39.016,3089,1,100.00,54.08
2026-06-04 22:12:39.079,3090,1,100.00,54.22
2026-06-04 22:12:39.140,3091,1,100.00,52.58
2026-06-04 22:12:39.196,3092,1,100.00,53.53
2026-06-04 22:12:39.267,3093,1,100.00,54.98
2026-06-04 22:12:39.332,3094,1,100.00,57.51
2026-06-04 22:12:39.392,3095,1,100.00,55.02
2026-06-04 22:12:39.451,3096,1,100.00,51.93
2026-06-04 22:12:39.515,3097,1,100.00,55.07
2026-06-04 22:12:39.581,3098,1,100.00,61.83
2026-06-04 22:12:39.664,3099,1,100.00,77.83
2026-06-04 22:12:39.741,3100,1,100.00,61.48
2026-06-04 22:12:39.790,3101,1,100.00,26.84
2026-06-04 22:12:39.817,3102,1,100.00,24.20
2026-06-04 22:12:39.845,3103,1,100.00,24.98
2026-06-04 22:12:39.880,3104,1,100.00,28.69
2026-06-04 22:12:39.911,3105,1,100.00,28.04
2026-06-04 22:12:39.940,3106,1,100.00,25.11
2026-06-04 22:12:39.972,3107,1,100.00,26.09
2026-06-04 22:12:40.001,3108,1,100.00,23.78
2026-06-04 22:12:40.030,3109,1,100.00,25.84
2026-06-04 22:12:40.067,3110,1,100.00,27.37
2026-06-04 22:12:40.096,3111,1,100.00,25.83
2026-06-04 22:12:40.125,3112,1,100.00,24.66
2026-06-04 22:12:40.161,3113,1,100.00,24.94
2026-06-04 22:12:40.190,3114,1,100.00,24.28
2026-06-04 22:12:40.219,3115,1,100.00,25.92
2026-06-04 22:12:40.255,3116,1,100.00,26.14
2026-06-04 22:12:40.281,3117,1,100.00,24.68
2026-06-04 22:12:40.315,3118,1,100.00,25.17
2026-06-04 22:12:40.347,3119,1,100.00,25.47
2026-06-04 22:12:40.378,3120,1,100.00,25.09
2026-06-04 22:12:40.407,3121,1,100.00,25.87
2026-06-04 22:12:40.442,3122,1,100.00,26.36
2026-06-04 22:12:40.471,3123,1,100.00,25.11
2026-06-04 22:12:40.501,3124,1,100.00,24.19
2026-06-04 22:12:40.534,3125,1,100.00,23.50
2026-06-04 22:12:40.565,3126,1,100.00,25.15
2026-06-04 22:12:40.597,3127,1,100.00,25.65
2026-06-04 22:12:40.628,3128,1,100.00,24.66
2026-06-04 22:12:40.660,3129,1,100.00,26.16
2026-06-04 22:12:40.690,3130,1,100.00,25.15
2026-06-04 22:12:40.722,3131,1,100.00,25.30
2026-06-04 22:12:40.753,3132,1,100.00,26.19
2026-06-04 22:12:40.783,3133,1,100.00,24.59
2026-06-04 22:12:40.814,3134,1,100.00,24.72
2026-06-04 22:12:40.843,3135,1,100.00,26.86
2026-06-04 22:12:40.871,3136,1,100.00,24.59
2026-06-04 22:12:40.898,3137,1,100.00,26.04
2026-06-04 22:12:40.940,3138,1,100.00,25.69
2026-06-04 22:12:40.969,3139,1,100.00,24.06
2026-06-04 22:12:40.998,3140,1,100.00,26.03
2026-06-04 22:12:41.032,3141,1,100.00,25.02
2026-06-04 22:12:41.063,3142,1,100.00,25.97
2026-06-04 22:12:41.095,3143,1,100.00,25.98
2026-06-04 22:12:41.126,3144,1,100.00,26.08
2026-06-04 22:12:41.157,3145,1,100.00,25.35
2026-06-04 22:12:41.185,3146,1,100.00,25.86
2026-06-04 22:12:41.222,3147,1,100.00,27.08
2026-06-04 22:12:41.251,3148,1,100.00,26.58
2026-06-04 22:12:41.282,3149,1,100.00,24.83
2026-06-04 22:12:41.316,3150,1,100.00,27.30
2026-06-04 22:12:41.475,3151,1,100.00,39.98
2026-06-04 22:12:41.530,3152,1,100.00,29.17
2026-06-04 22:12:41.563,3153,1,100.00,29.92
2026-06-04 22:12:41.599,3154,1,100.00,29.03
2026-06-04 22:12:41.653,3155,1,100.00,36.25
2026-06-04 22:12:41.681,3156,1,100.00,24.58
2026-06-04 22:12:41.709,3157,1,100.00,25.16
2026-06-04 22:12:41.752,3158,1,100.00,26.65
2026-06-04 22:12:41.781,3159,1,100.00,24.19
2026-06-04 22:12:41.814,3160,1,100.00,25.26
2026-06-04 22:12:41.846,3161,1,100.00,25.88
2026-06-04 22:12:41.877,3162,1,100.00,26.05
2026-06-04 22:12:41.908,3163,1,100.00,25.05
2026-06-04 22:12:41.939,3164,1,100.00,24.66
2026-06-04 22:12:41.969,3165,1,100.00,23.09
2026-06-04 22:12:42.003,3166,1,100.00,25.63
2026-06-04 22:12:42.031,3167,1,100.00,26.26
2026-06-04 22:12:42.059,3168,1,100.00,24.90
2026-06-04 22:12:42.089,3169,1,100.00,26.20
2026-06-04 22:12:42.129,3170,1,100.00,24.92
2026-06-04 22:12:42.157,3171,1,100.00,23.36
2026-06-04 22:12:42.189,3172,1,100.00,23.92
2026-06-04 22:12:43.283,3173,1,100.00,32.96
2026-06-04 22:12:43.336,3174,1,100.00,26.41
2026-06-04 22:12:43.384,3175,1,100.00,31.95
2026-06-04 22:12:43.425,3176,1,100.00,36.82
2026-06-04 22:12:43.461,3177,1,100.00,30.24
2026-06-04 22:12:43.491,3178,1,100.00,26.21
2026-06-04 22:12:43.536,3179,1,100.00,27.53
2026-06-04 22:12:43.582,3180,1,100.00,28.73
2026-06-04 22:12:43.625,3181,1,100.00,25.33
2026-06-04 22:12:43.659,3182,1,100.00,27.12
2026-06-04 22:12:43.689,3183,1,100.00,25.72
2026-06-04 22:12:43.720,3184,1,100.00,24.90
2026-06-04 22:12:43.751,3185,1,100.00,24.86
2026-06-04 22:12:43.784,3186,1,100.00,26.19
2026-06-04 22:12:43.811,3187,1,100.00,23.45
2026-06-04 22:12:43.845,3188,1,100.00,25.56
2026-06-04 22:12:43.877,3189,1,100.00,25.65
2026-06-04 22:12:43.908,3190,1,100.00,25.68
2026-06-04 22:12:43.941,3191,1,100.00,27.43
2026-06-04 22:12:43.993,3192,1,100.00,33.44
2026-06-04 22:12:44.030,3193,1,100.00,33.21
2026-06-04 22:12:44.066,3194,1,100.00,29.24
2026-06-04 22:12:44.113,3195,1,100.00,30.42
2026-06-04 22:12:44.144,3196,1,100.00,26.39
2026-06-04 22:12:44.192,3197,1,100.00,31.11
2026-06-04 22:12:44.221,3198,1,100.00,26.16
2026-06-04 22:12:44.253,3199,1,100.00,28.88
2026-06-04 22:12:44.300,3200,1,100.00,28.99
2026-06-04 22:12:44.342,3201,1,100.00,24.67
2026-06-04 22:12:44.374,3202,1,100.00,25.41
2026-06-04 22:12:44.406,3203,1,100.00,25.79
2026-06-04 22:12:44.438,3204,1,100.00,26.36
2026-06-04 22:12:44.468,3205,1,100.00,24.67
2026-06-04 22:12:44.501,3206,1,100.00,26.74
2026-06-04 22:12:44.527,3207,1,100.00,21.99
2026-06-04 22:12:44.561,3208,1,100.00,24.75
2026-06-04 22:12:44.595,3209,1,100.00,26.78
2026-06-04 22:12:44.630,3210,1,100.00,30.34
2026-06-04 22:12:44.659,3211,1,100.00,25.51
2026-06-04 22:12:44.697,3212,1,100.00,35.00
2026-06-04 22:12:44.749,3213,1,100.00,39.59
2026-06-04 22:12:44.783,3214,1,100.00,26.88
2026-06-04 22:12:44.811,3215,1,100.00,23.69
2026-06-04 22:12:44.845,3216,1,100.00,25.63
2026-06-04 22:12:44.882,3217,1,100.00,32.14
2026-06-04 22:12:44.913,3218,1,100.00,26.11
2026-06-04 22:12:44.942,3219,1,100.00,24.92
2026-06-04 22:12:44.984,3220,1,100.00,25.83
2026-06-04 22:12:45.016,3221,1,100.00,26.62
2026-06-04 22:12:45.065,3222,1,100.00,43.93
2026-06-04 22:12:45.111,3223,1,100.00,27.70
2026-06-04 22:12:45.145,3224,1,100.00,30.46
2026-06-04 22:12:45.174,3225,1,100.00,24.82
2026-06-04 22:12:45.201,3226,1,100.00,24.42
2026-06-04 22:12:45.239,3227,1,100.00,31.36
2026-06-04 22:12:45.277,3228,1,100.00,35.00
2026-06-04 22:12:45.322,3229,1,100.00,36.99
2026-06-04 22:12:45.363,3230,1,100.00,32.01
2026-06-04 22:12:45.417,3231,1,100.00,37.88
2026-06-04 22:12:45.467,3232,1,100.00,40.71
2026-06-04 22:12:45.501,3233,1,100.00,27.16
2026-06-04 22:12:45.529,3234,1,100.00,23.53
2026-06-04 22:12:45.560,3235,1,100.00,23.38
2026-06-04 22:12:45.594,3236,1,100.00,25.27
2026-06-04 22:12:45.625,3237,1,100.00,23.99
2026-06-04 22:12:45.659,3238,1,100.00,25.70
2026-06-04 22:12:45.689,3239,1,100.00,24.35
2026-06-04 22:12:45.721,3240,1,100.00,24.11
2026-06-04 22:12:45.753,3241,1,100.00,24.98
2026-06-04 22:12:45.784,3242,1,100.00,23.44
2026-06-04 22:12:45.816,3243,1,100.00,24.27
2026-06-04 22:12:45.848,3244,1,100.00,25.09
2026-06-04 22:12:45.878,3245,1,100.00,24.15
2026-06-04 22:12:45.911,3246,1,100.00,25.09
2026-06-04 22:12:45.941,3247,1,100.00,24.17
2026-06-04 22:12:45.974,3248,1,100.00,25.01
2026-06-04 22:12:46.005,3249,1,100.00,24.92
2026-06-04 22:12:46.034,3250,1,100.00,22.94
2026-06-04 22:12:46.066,3251,1,100.00,23.20
2026-06-04 22:12:46.098,3252,1,100.00,24.16
2026-06-04 22:12:46.130,3253,1,100.00,25.02
2026-06-04 22:12:46.156,3254,1,100.00,25.12
2026-06-04 22:12:46.192,3255,1,100.00,25.08
2026-06-04 22:12:46.221,3256,1,100.00,23.79
2026-06-04 22:12:46.253,3257,1,100.00,24.93
2026-06-04 22:12:46.279,3258,1,100.00,24.09
2026-06-04 22:12:46.307,3259,1,100.00,24.86
2026-06-04 22:12:46.349,3260,1,100.00,25.62
2026-06-04 22:12:46.379,3261,1,100.00,24.91
2026-06-04 22:12:46.411,3262,1,100.00,26.03
2026-06-04 22:12:46.442,3263,1,100.00,24.34
2026-06-04 22:12:46.474,3264,1,100.00,25.58
2026-06-04 22:12:46.505,3265,1,100.00,25.47
2026-06-04 22:12:46.538,3266,1,100.00,27.06
2026-06-04 22:12:46.564,3267,1,100.00,24.69
2026-06-04 22:12:46.598,3268,1,100.00,24.42
2026-06-04 22:12:46.631,3269,1,100.00,26.38
2026-06-04 22:12:46.658,3270,1,100.00,26.50
2026-06-04 22:12:46.685,3271,1,100.00,25.50
2026-06-04 22:12:46.725,3272,1,100.00,27.75
2026-06-04 22:12:46.752,3273,1,100.00,26.27
2026-06-04 22:12:46.786,3274,1,100.00,26.10
2026-06-04 22:12:46.814,3275,1,100.00,23.04
2026-06-04 22:12:46.845,3276,1,100.00,23.37
2026-06-04 22:12:46.871,3277,1,100.00,23.83
2026-06-04 22:12:46.911,3278,1,100.00,26.90
2026-06-04 22:12:46.940,3279,1,100.00,24.85
2026-06-04 22:12:46.966,3280,1,100.00,25.15
2026-06-04 22:12:47.003,3281,1,100.00,24.09
2026-06-04 22:12:47.034,3282,1,100.00,24.76
2026-06-04 22:12:47.059,3283,1,100.00,23.83
2026-06-04 22:12:47.098,3284,1,100.00,24.54
2026-06-04 22:12:47.129,3285,1,100.00,24.95
2026-06-04 22:12:47.153,3286,1,100.00,23.48
2026-06-04 22:12:47.180,3287,1,100.00,25.36
2026-06-04 22:12:47.208,3288,1,100.00,24.96
2026-06-04 22:12:47.235,3289,1,100.00,24.78
2026-06-04 22:12:47.269,3290,1,100.00,24.45
2026-06-04 22:12:47.299,3291,1,100.00,22.87
2026-06-04 22:12:47.333,3292,1,100.00,24.65
2026-06-04 22:12:47.360,3293,1,100.00,25.59
2026-06-04 22:12:47.394,3294,1,100.00,24.85
2026-06-04 22:12:47.427,3295,1,100.00,25.05
2026-06-04 22:12:47.452,3296,1,100.00,23.48
2026-06-04 22:12:47.480,3297,1,100.00,24.13
2026-06-04 22:12:47.521,3298,1,100.00,25.70
2026-06-04 22:12:47.557,3299,1,100.00,33.63
2026-06-04 22:12:47.585,3300,1,100.00,26.62
2026-06-04 22:12:47.615,3301,1,100.00,27.24
2026-06-04 22:12:47.645,3302,1,100.00,27.70
2026-06-04 22:12:47.672,3303,1,100.00,25.75
2026-06-04 22:12:47.709,3304,1,100.00,26.42
2026-06-04 22:12:47.742,3305,1,100.00,28.64
2026-06-04 22:12:47.776,3306,1,100.00,31.66
2026-06-04 22:12:47.805,3307,1,100.00,25.39
2026-06-04 22:12:47.858,3308,1,100.00,29.22
2026-06-04 22:12:47.901,3309,1,100.00,30.47
2026-06-04 22:12:47.945,3310,1,100.00,26.12
2026-06-04 22:12:47.977,3311,1,100.00,24.64
2026-06-04 22:12:48.002,3312,1,100.00,24.00
2026-06-04 22:12:48.038,3313,1,100.00,24.65
2026-06-04 22:12:48.068,3314,1,100.00,24.35
2026-06-04 22:12:48.100,3315,1,100.00,24.22
2026-06-04 22:12:48.132,3316,1,100.00,24.69
2026-06-04 22:12:48.162,3317,1,100.00,23.57
2026-06-04 22:12:48.188,3318,1,100.00,24.58
2026-06-04 22:12:48.228,3319,1,100.00,25.84
2026-06-04 22:12:48.258,3320,1,100.00,24.69
2026-06-04 22:12:48.289,3321,1,100.00,24.82
2026-06-04 22:12:48.316,3322,1,100.00,25.89
2026-06-04 22:12:48.351,3323,1,100.00,23.73
2026-06-04 22:12:48.384,3324,1,100.00,25.69
2026-06-04 22:12:48.410,3325,1,100.00,25.31
2026-06-04 22:12:48.449,3326,1,100.00,27.27
2026-06-04 22:12:48.475,3327,1,100.00,22.60
2026-06-04 22:12:48.501,3328,1,100.00,24.25
2026-06-04 22:12:48.525,3329,1,100.00,22.71
2026-06-04 22:12:48.555,3330,1,100.00,23.49
2026-06-04 22:12:48.587,3331,1,100.00,24.39
2026-06-04 22:12:48.621,3332,1,100.00,24.50
2026-06-04 22:12:48.651,3333,1,100.00,25.52
2026-06-04 22:12:48.682,3334,1,100.00,24.80
2026-06-04 22:12:48.714,3335,1,100.00,25.80
2026-06-04 22:12:48.745,3336,1,100.00,25.06
2026-06-04 22:12:48.776,3337,1,100.00,25.09
2026-06-04 22:12:48.808,3338,1,100.00,24.80
2026-06-04 22:12:48.839,3339,1,100.00,23.83
2026-06-04 22:12:48.870,3340,1,100.00,23.83
2026-06-04 22:12:48.903,3341,1,100.00,24.95
2026-06-04 22:12:48.935,3342,1,100.00,24.71
2026-06-04 22:12:48.965,3343,1,100.00,24.85
2026-06-04 22:12:48.996,3344,1,100.00,23.67
2026-06-04 22:12:49.022,3345,1,100.00,23.41
2026-06-04 22:12:49.049,3346,1,100.00,24.58
2026-06-04 22:12:49.091,3347,1,100.00,24.02
2026-06-04 22:12:49.124,3348,1,100.00,25.52
2026-06-04 22:12:49.154,3349,1,100.00,24.10
2026-06-04 22:12:49.185,3350,1,100.00,24.52
2026-06-04 22:12:49.217,3351,1,100.00,24.06
2026-06-04 22:12:49.248,3352,1,100.00,24.95
2026-06-04 22:12:49.278,3353,1,100.00,23.75
2026-06-04 22:12:49.306,3354,1,100.00,25.15
2026-06-04 22:12:49.342,3355,1,100.00,25.10
2026-06-04 22:12:49.369,3356,1,100.00,25.53
2026-06-04 22:12:49.403,3357,1,100.00,23.26
2026-06-04 22:12:49.435,3358,1,100.00,25.00
2026-06-04 22:12:49.461,3359,1,100.00,24.17
2026-06-04 22:12:49.497,3360,1,100.00,25.01
2026-06-04 22:12:49.528,3361,1,100.00,25.12
2026-06-04 22:12:51.094,3362,1,100.00,76.78
2026-06-04 22:12:51.167,3363,1,100.00,50.97
2026-06-04 22:12:51.251,3364,1,100.00,72.90
2026-06-04 22:12:51.333,3365,1,100.00,76.11
2026-06-04 22:12:51.426,3366,1,100.00,76.55
2026-06-04 22:12:51.526,3367,1,100.00,82.48
2026-06-04 22:12:51.621,3368,1,100.00,83.75
2026-06-04 22:12:51.704,3369,1,100.00,73.59
2026-06-04 22:12:51.784,3370,1,100.00,73.84
2026-06-04 22:12:51.858,3371,1,100.00,70.75
2026-06-04 22:12:51.962,3372,1,100.00,94.02
2026-06-04 22:12:52.029,3373,1,100.00,51.67
2026-06-04 22:12:52.060,3374,1,100.00,27.96
2026-06-04 22:12:52.105,3375,1,100.00,35.70
2026-06-04 22:12:52.133,3376,1,100.00,24.78
2026-06-04 22:12:52.163,3377,1,100.00,26.84
2026-06-04 22:12:52.193,3378,1,100.00,25.44
2026-06-04 22:12:52.224,3379,1,100.00,24.67
2026-06-04 22:12:52.255,3380,1,100.00,25.53
2026-06-04 22:12:52.283,3381,1,100.00,23.21
2026-06-04 22:12:52.317,3382,1,100.00,25.00
2026-06-04 22:12:52.348,3383,1,100.00,24.61
2026-06-04 22:12:52.380,3384,1,100.00,25.36
2026-06-04 22:12:52.411,3385,1,100.00,24.90
2026-06-04 22:12:52.442,3386,1,100.00,24.56
2026-06-04 22:12:52.473,3387,1,100.00,24.53
2026-06-04 22:12:52.505,3388,1,100.00,25.70
2026-06-04 22:12:52.539,3389,1,100.00,27.72
2026-06-04 22:12:52.566,3390,1,100.00,24.20
2026-06-04 22:12:52.597,3391,1,100.00,24.05
2026-06-04 22:12:52.630,3392,1,100.00,25.14
2026-06-04 22:12:52.661,3393,1,100.00,25.47
2026-06-04 22:12:52.692,3394,1,100.00,26.58
2026-06-04 22:12:52.732,3395,1,100.00,34.35
2026-06-04 22:12:52.801,3396,1,100.00,56.63
2026-06-04 22:12:52.859,3397,1,100.00,51.91
2026-06-04 22:12:52.930,3398,1,100.00,58.22
2026-06-04 22:12:52.986,3399,1,100.00,50.92
2026-06-04 22:12:53.051,3400,1,100.00,55.02
2026-06-04 22:12:53.156,3401,1,100.00,83.96
2026-06-04 22:12:53.238,3402,1,100.00,71.98
2026-06-04 22:12:53.330,3403,1,100.00,85.75
2026-06-04 22:12:53.429,3404,1,100.00,94.37
2026-06-04 22:12:53.513,3405,1,100.00,80.84
2026-06-04 22:12:53.632,3406,1,100.00,104.66
2026-06-04 22:12:53.690,3407,1,100.00,54.03
2026-06-04 22:12:53.753,3408,1,100.00,54.16
2026-06-04 22:12:53.825,3409,1,100.00,62.35
2026-06-04 22:12:53.885,3410,1,100.00,56.30
2026-06-04 22:12:53.946,3411,1,100.00,55.05
2026-06-04 22:12:54.018,3412,1,100.00,63.80
2026-06-04 22:12:54.098,3413,1,100.00,64.65
2026-06-04 22:12:54.147,3414,1,100.00,46.67
2026-06-04 22:12:54.209,3415,1,100.00,51.21
2026-06-04 22:12:54.288,3416,1,100.00,66.67
2026-06-04 22:12:54.365,3417,1,100.00,66.37
2026-06-04 22:12:54.441,3418,1,100.00,72.03
2026-06-04 22:12:54.532,3419,1,100.00,76.41
2026-06-04 22:12:54.630,3420,1,100.00,81.51
2026-06-04 22:12:54.711,3421,1,100.00,75.99
2026-06-04 22:12:54.798,3422,1,100.00,76.38
2026-06-04 22:12:54.894,3423,1,100.00,81.09
2026-06-04 22:12:54.982,3424,1,100.00,76.42
2026-06-04 22:12:55.067,3425,1,100.00,81.72
2026-06-04 22:12:55.167,3426,1,100.00,87.85
2026-06-04 22:12:55.249,3427,1,100.00,77.02
2026-06-04 22:12:55.338,3428,1,100.00,70.64
2026-06-04 22:12:55.417,3429,1,100.00,74.39
2026-06-04 22:12:55.493,3430,1,100.00,69.13
2026-06-04 22:12:55.581,3431,1,100.00,84.06
2026-06-04 22:12:55.661,3432,1,100.00,75.52
2026-06-04 22:12:55.765,3433,1,100.00,90.98
2026-06-04 22:12:55.854,3434,1,100.00,83.45
2026-06-04 22:12:55.935,3435,1,100.00,73.46
2026-06-04 22:12:56.030,3436,1,100.00,89.12
2026-06-04 22:12:56.120,3437,1,100.00,85.95
2026-06-04 22:12:56.200,3438,1,100.00,76.66
2026-06-04 22:12:56.269,3439,1,100.00,62.30
2026-06-04 22:12:56.361,3440,1,100.00,87.20
2026-06-04 22:12:56.441,3441,1,100.00,73.27
2026-06-04 22:12:56.526,3442,1,100.00,81.11
2026-06-04 22:12:56.616,3443,1,100.00,85.29
2026-06-04 22:12:56.705,3444,1,100.00,84.57
2026-06-04 22:12:56.812,3445,1,100.00,86.76
2026-06-04 22:12:56.905,3446,1,100.00,89.09
2026-06-04 22:12:56.996,3447,1,100.00,83.84
2026-06-04 22:12:57.079,3448,1,100.00,73.41
2026-06-04 22:12:57.168,3449,1,100.00,69.18
2026-06-04 22:12:57.247,3450,1,100.00,69.15
2026-06-04 22:12:57.329,3451,1,100.00,77.70
2026-06-04 22:12:57.429,3452,1,100.00,80.89
2026-06-04 22:12:57.516,3453,1,100.00,82.16
2026-06-04 22:12:57.626,3454,1,100.00,91.08
2026-06-04 22:12:57.719,3455,1,100.00,88.85
2026-06-04 22:12:57.805,3456,1,100.00,81.29
2026-06-04 22:12:57.902,3457,1,100.00,84.45
2026-06-04 22:12:57.978,3458,1,100.00,72.40
2026-06-04 22:12:58.078,3459,1,100.00,88.37
2026-06-04 22:12:58.167,3460,1,100.00,83.31
2026-06-04 22:12:58.270,3461,1,100.00,89.75
2026-06-04 22:12:58.361,3462,1,100.00,87.03
2026-06-04 22:12:58.441,3463,1,100.00,74.18
2026-06-04 22:12:58.532,3464,1,100.00,70.78
2026-06-04 22:12:58.610,3465,1,100.00,70.43
2026-06-04 22:12:58.683,3466,1,100.00,66.06
2026-06-04 22:12:58.780,3467,1,100.00,84.43
2026-06-04 22:12:58.862,3468,1,100.00,78.52
2026-06-04 22:12:58.949,3469,1,100.00,80.48
2026-06-04 22:12:59.039,3470,1,100.00,86.25
2026-06-04 22:12:59.143,3471,1,100.00,87.49
2026-06-04 22:12:59.236,3472,1,100.00,88.23
2026-06-04 22:12:59.329,3473,1,100.00,89.14
2026-06-04 22:12:59.405,3474,1,100.00,66.86
2026-06-04 22:12:59.491,3475,1,100.00,75.74
2026-06-04 22:12:59.583,3476,1,100.00,89.23
2026-06-04 22:12:59.655,3477,1,100.00,63.90
2026-06-04 22:12:59.735,3478,1,100.00,76.78
2026-06-04 22:12:59.819,3479,1,100.00,79.72
2026-06-04 22:12:59.916,3480,1,100.00,82.92
2026-06-04 22:13:00.015,3481,1,100.00,94.80
2026-06-04 22:13:00.103,3482,1,100.00,78.74
2026-06-04 22:13:00.195,3483,1,100.00,82.11
2026-06-04 22:13:00.285,3484,1,100.00,80.79
2026-06-04 22:13:00.373,3485,1,100.00,75.99
2026-06-04 22:13:00.451,3486,1,100.00,74.16
2026-06-04 22:13:00.540,3487,1,100.00,84.53
2026-06-04 22:13:00.637,3488,1,100.00,91.70
2026-06-04 22:13:00.735,3489,1,100.00,94.35
2026-06-04 22:13:00.820,3490,1,100.00,80.41
2026-06-04 22:13:00.912,3491,1,100.00,84.23
2026-06-04 22:13:01.002,3492,1,100.00,80.52
2026-06-04 22:13:01.087,3493,1,100.00,71.99
2026-06-04 22:13:01.174,3494,1,100.00,84.07
2026-06-04 22:13:01.280,3495,1,100.00,90.60
2026-06-04 22:13:01.366,3496,1,100.00,80.44
2026-06-04 22:13:01.441,3497,1,100.00,71.39
2026-06-04 22:13:01.523,3498,1,100.00,69.60
2026-06-04 22:13:01.623,3499,1,100.00,92.14
2026-06-04 22:13:01.721,3500,1,100.00,92.77
2026-06-04 22:13:01.803,3501,1,100.00,78.53
2026-06-04 22:13:01.893,3502,1,100.00,81.37
2026-06-04 22:13:01.989,3503,1,100.00,91.06
2026-06-04 22:13:02.085,3504,1,100.00,91.55
2026-06-04 22:13:02.174,3505,1,100.00,84.69
2026-06-04 22:13:02.267,3506,1,100.00,89.05
2026-06-04 22:13:02.344,3507,1,100.00,73.45
2026-06-04 22:13:02.439,3508,1,100.00,80.59
2026-06-04 22:13:02.504,3509,1,100.00,60.93
2026-06-04 22:13:02.593,3510,1,100.00,83.66
2026-06-04 22:13:02.681,3511,1,100.00,79.16
2026-06-04 22:13:02.770,3512,1,100.00,84.62
2026-06-04 22:13:02.853,3513,1,100.00,80.25
2026-06-04 22:13:02.947,3514,1,100.00,88.11
2026-06-04 22:13:03.043,3515,1,100.00,90.27
2026-06-04 22:13:03.147,3516,1,100.00,97.29
2026-06-04 22:13:03.233,3517,1,100.00,80.73
2026-06-04 22:13:03.315,3518,1,100.00,68.33
2026-06-04 22:13:03.397,3519,1,100.00,69.69
2026-06-04 22:13:03.491,3520,1,100.00,85.79
2026-06-04 22:13:03.574,3521,1,100.00,77.40
2026-06-04 22:13:03.680,3522,1,100.00,90.80
2026-06-04 22:13:03.777,3523,1,100.00,91.72
2026-06-04 22:13:03.870,3524,1,100.00,87.67
2026-06-04 22:13:03.934,3525,1,100.00,59.97
2026-06-04 22:13:04.035,3526,1,100.00,86.62
2026-06-04 22:13:04.137,3527,1,100.00,97.66
2026-06-04 22:13:04.231,3528,1,100.00,89.84
2026-06-04 22:13:04.314,3529,1,100.00,78.23
2026-06-04 22:13:04.406,3530,1,100.00,81.79
2026-06-04 22:13:04.485,3531,1,100.00,75.09
2026-06-04 22:13:04.559,3532,1,100.00,62.00
2026-06-04 22:13:04.633,3533,1,100.00,71.12
2026-06-04 22:13:04.734,3534,1,100.00,82.14
2026-06-04 22:13:04.828,3535,1,100.00,82.45
2026-06-04 22:13:04.923,3536,1,100.00,86.55
2026-06-04 22:13:05.009,3537,1,100.00,81.37
2026-06-04 22:13:05.095,3538,1,100.00,79.82
2026-06-04 22:13:05.186,3539,1,100.00,86.15
2026-06-04 22:13:05.281,3540,1,100.00,84.26
2026-06-04 22:13:05.370,3541,1,100.00,83.94
2026-06-04 22:13:05.444,3542,1,100.00,66.77
2026-06-04 22:13:05.535,3543,1,100.00,84.58
2026-06-04 22:13:05.610,3544,1,100.00,66.93
2026-06-04 22:13:05.694,3545,1,100.00,73.57
2026-06-04 22:13:05.781,3546,1,100.00,81.89
2026-06-04 22:13:05.865,3547,1,100.00,73.12
2026-06-04 22:13:05.953,3548,1,100.00,82.47
2026-06-04 22:13:06.052,3549,1,100.00,86.04
2026-06-04 22:13:06.120,3550,1,100.00,59.08
2026-06-04 22:13:06.229,3551,1,100.00,90.68
2026-06-04 22:13:06.317,3552,1,100.00,70.81
2026-06-04 22:13:06.403,3553,1,100.00,79.15
2026-06-04 22:13:06.502,3554,1,100.00,82.41
2026-06-04 22:13:06.596,3555,1,100.00,81.30
2026-06-04 22:13:06.683,3556,1,100.00,82.23
2026-06-04 22:13:06.775,3557,1,100.00,86.36
2026-06-04 22:13:06.852,3558,1,100.00,74.15
2026-06-04 22:13:06.939,3559,1,100.00,81.97
2026-06-04 22:13:07.031,3560,1,100.00,81.23
2026-06-04 22:13:07.133,3561,1,100.00,88.22
2026-06-04 22:13:07.223,3562,1,100.00,87.43
2026-06-04 22:13:07.307,3563,1,100.00,76.41
2026-06-04 22:13:07.417,3564,1,100.00,91.87
2026-06-04 22:13:07.516,3565,1,100.00,83.18
2026-06-04 22:13:07.612,3566,1,100.00,83.66
2026-06-04 22:13:07.708,3567,1,100.00,87.99
2026-06-04 22:13:07.794,3568,1,100.00,78.27
2026-06-04 22:13:07.885,3569,1,100.00,87.08
2026-06-04 22:13:07.982,3570,1,100.00,91.80
2026-06-04 22:13:08.067,3571,1,100.00,81.56
2026-06-04 22:13:08.157,3572,1,100.00,84.00
2026-06-04 22:13:08.249,3573,1,100.00,81.42
2026-06-04 22:13:08.341,3574,1,100.00,87.05
2026-06-04 22:13:08.446,3575,1,100.00,90.01
2026-06-04 22:13:08.535,3576,1,100.00,83.08
2026-06-04 22:13:08.624,3577,1,100.00,84.00
2026-06-04 22:13:08.709,3578,1,100.00,81.06
2026-06-04 22:13:08.803,3579,1,100.00,90.11
2026-06-04 22:13:08.875,3580,1,100.00,65.07
2026-06-04 22:13:08.938,3581,1,100.00,60.82
2026-06-04 22:13:08.996,3582,1,100.00,46.99
2026-06-04 22:13:09.075,3583,1,100.00,61.98
2026-06-04 22:13:09.162,3584,1,100.00,69.44
2026-06-04 22:13:09.225,3585,1,100.00,54.17
2026-06-04 22:13:09.283,3586,1,100.00,49.84
2026-06-04 22:13:09.361,3587,1,100.00,64.84
2026-06-04 22:13:09.449,3588,1,100.00,74.83
2026-06-04 22:13:09.540,3589,1,100.00,72.02
2026-06-04 22:13:09.615,3590,1,100.00,70.32
2026-06-04 22:13:09.701,3591,1,100.00,75.55
2026-06-04 22:13:09.781,3592,1,100.00,75.23
2026-06-04 22:13:09.852,3593,1,100.00,60.32
2026-06-04 22:13:09.928,3594,1,100.00,72.10
2026-06-04 22:13:10.017,3595,1,100.00,84.04
2026-06-04 22:13:10.105,3596,1,100.00,75.58
2026-06-04 22:13:10.183,3597,1,100.00,59.11
2026-06-04 22:13:10.266,3598,1,100.00,63.87
2026-06-04 22:13:10.341,3599,1,100.00,59.90
2026-06-04 22:13:10.409,3600,1,100.00,51.23
2026-06-04 22:13:10.491,3601,1,100.00,70.89
2026-06-04 22:13:10.572,3602,1,100.00,72.83
2026-06-04 22:13:10.642,3603,1,100.00,66.60
2026-06-04 22:13:10.713,3604,1,100.00,67.92
2026-06-04 22:13:10.831,3605,1,100.00,99.02
2026-06-04 22:13:10.920,3606,1,100.00,83.96
2026-06-04 22:13:11.006,3607,1,100.00,80.98
2026-06-04 22:13:11.089,3608,1,100.00,77.89
2026-06-04 22:13:11.189,3609,1,100.00,81.44
2026-06-04 22:13:11.266,3610,1,100.00,72.30
2026-06-04 22:13:11.338,3611,1,100.00,61.00
2026-06-04 22:13:11.431,3612,1,100.00,73.65
2026-06-04 22:13:11.501,3613,1,100.00,65.12
2026-06-04 22:13:11.586,3614,1,100.00,72.74
2026-06-04 22:13:11.648,3615,1,100.00,56.55
2026-06-04 22:13:11.703,3616,1,100.00,49.41
2026-06-04 22:13:11.776,3617,1,100.00,59.98
2026-06-04 22:13:11.872,3618,1,100.00,77.81
2026-06-04 22:13:11.954,3619,1,100.00,78.13
2026-06-04 22:13:12.042,3620,1,100.00,84.88
2026-06-04 22:13:12.130,3621,1,100.00,82.57
2026-06-04 22:13:12.221,3622,1,100.00,80.56
2026-06-04 22:13:12.305,3623,1,100.00,78.85
2026-06-04 22:13:12.398,3624,1,100.00,89.10
2026-06-04 22:13:12.462,3625,1,100.00,59.95
2026-06-04 22:13:12.534,3626,1,100.00,66.20
2026-06-04 22:13:12.619,3627,1,100.00,81.83
2026-06-04 22:13:12.709,3628,1,100.00,87.74
2026-06-04 22:13:12.806,3629,1,100.00,86.46
2026-06-04 22:13:12.887,3630,1,100.00,75.48
2026-06-04 22:13:12.966,3631,1,100.00,74.02
2026-06-04 22:13:13.055,3632,1,100.00,84.39
2026-06-04 22:13:13.154,3633,1,100.00,89.82
2026-06-04 22:13:13.235,3634,1,100.00,75.77
2026-06-04 22:13:13.315,3635,1,100.00,76.33
2026-06-04 22:13:13.417,3636,1,100.00,87.25
2026-06-04 22:13:13.515,3637,1,100.00,94.07
2026-06-04 22:13:13.597,3638,1,100.00,75.29
2026-06-04 22:13:13.701,3639,1,100.00,86.61
2026-06-04 22:13:13.800,3640,1,100.00,94.85
2026-06-04 22:13:13.892,3641,1,100.00,88.38
2026-06-04 22:13:13.986,3642,1,100.00,88.95
2026-06-04 22:13:14.078,3643,1,100.00,86.82
2026-06-04 22:13:14.146,3644,1,100.00,63.78
2026-06-04 22:13:14.245,3645,1,100.00,82.16
2026-06-04 22:13:14.339,3646,1,100.00,89.07
2026-06-04 22:13:14.425,3647,1,100.00,83.05
2026-06-04 22:13:14.504,3648,1,100.00,71.97
2026-06-04 22:13:14.599,3649,1,100.00,90.57
2026-06-04 22:13:14.679,3650,1,100.00,77.43
2026-06-04 22:13:14.774,3651,1,100.00,90.14
2026-06-04 22:13:14.860,3652,1,100.00,81.59
2026-06-04 22:13:14.957,3653,1,100.00,84.93
2026-06-04 22:13:15.045,3654,1,100.00,80.11
2026-06-04 22:13:15.134,3655,1,100.00,75.96
2026-06-04 22:13:15.202,3656,1,100.00,64.02
2026-06-04 22:13:15.303,3657,1,100.00,87.88
2026-06-04 22:13:15.419,3658,1,100.00,92.69
2026-06-04 22:13:15.520,3659,1,100.00,95.84
2026-06-04 22:13:15.606,3660,1,100.00,82.62
2026-06-04 22:13:15.691,3661,1,100.00,80.90
2026-06-04 22:13:15.757,3662,1,100.00,61.69
2026-06-04 22:13:15.827,3663,1,100.00,66.14
2026-06-04 22:13:15.892,3664,1,100.00,58.63
2026-06-04 22:13:15.973,3665,1,100.00,72.01
2026-06-04 22:13:16.058,3666,1,100.00,81.00
2026-06-04 22:13:16.161,3667,1,100.00,84.91
2026-06-04 22:13:16.247,3668,1,100.00,75.45
2026-06-04 22:13:16.344,3669,1,100.00,79.15
2026-06-04 22:13:16.440,3670,1,100.00,80.20
2026-06-04 22:13:16.538,3671,1,100.00,92.02
2026-06-04 22:13:16.628,3672,1,100.00,84.07
2026-06-04 22:13:16.708,3673,1,100.00,76.59
2026-06-04 22:13:16.814,3674,1,100.00,92.77
2026-06-04 22:13:16.898,3675,1,100.00,80.98
2026-06-04 22:13:16.985,3676,1,100.00,77.40
2026-06-04 22:13:17.071,3677,1,100.00,81.16
2026-06-04 22:13:17.157,3678,1,100.00,81.38
2026-06-04 22:13:17.260,3679,1,100.00,85.68
2026-06-04 22:13:17.352,3680,1,100.00,87.95
2026-06-04 22:13:17.433,3681,1,100.00,71.91
2026-06-04 22:13:17.519,3682,1,100.00,81.43
2026-06-04 22:13:17.616,3683,1,100.00,84.04
2026-06-04 22:13:17.695,3684,1,100.00,75.59
2026-06-04 22:13:17.795,3685,1,100.00,90.28
2026-06-04 22:13:17.882,3686,1,100.00,81.46
2026-06-04 22:13:17.966,3687,1,100.00,80.76
2026-06-04 22:13:18.060,3688,1,100.00,89.29
2026-06-04 22:13:18.149,3689,1,100.00,85.60
2026-06-04 22:13:18.238,3690,1,100.00,84.67
2026-06-04 22:13:18.329,3691,1,100.00,88.71
2026-06-04 22:13:18.416,3692,1,100.00,82.09
2026-06-04 22:13:18.506,3693,1,100.00,85.56
2026-06-04 22:13:18.604,3694,1,100.00,82.15
2026-06-04 22:13:18.685,3695,1,100.00,76.21
2026-06-04 22:13:18.782,3696,1,100.00,88.33
2026-06-04 22:13:18.867,3697,1,100.00,81.21
2026-06-04 22:13:18.958,3698,1,100.00,76.14
2026-06-04 22:13:19.062,3699,1,100.00,88.19
2026-06-04 22:13:19.148,3700,1,100.00,80.27
2026-06-04 22:13:19.249,3701,1,100.00,89.10
2026-06-04 22:13:19.336,3702,1,100.00,82.39
2026-06-04 22:13:19.435,3703,1,100.00,87.38
2026-06-04 22:13:19.523,3704,1,100.00,83.90
2026-06-04 22:13:19.623,3705,1,100.00,87.82
2026-06-04 22:13:19.713,3706,1,100.00,85.29
2026-06-04 22:13:19.803,3707,1,100.00,84.31
2026-06-04 22:13:19.888,3708,1,100.00,71.09
2026-06-04 22:13:19.960,3709,1,100.00,65.13
2026-06-04 22:13:20.045,3710,1,100.00,80.86
2026-06-04 22:13:20.117,3711,1,100.00,63.02
2026-06-04 22:13:20.214,3712,1,100.00,81.70
2026-06-04 22:13:20.284,3713,1,100.00,65.89
2026-06-04 22:13:20.337,3714,1,100.00,46.70
2026-06-04 22:13:20.414,3715,1,100.00,61.27
2026-06-04 22:13:20.517,3716,1,100.00,87.86
2026-06-04 22:13:20.612,3717,1,100.00,90.26
2026-06-04 22:13:20.707,3718,1,100.00,89.94
2026-06-04 22:13:20.784,3719,1,100.00,72.14
2026-06-04 22:13:20.876,3720,1,100.00,86.14
2026-06-04 22:13:20.965,3721,1,100.00,84.46
2026-06-04 22:13:21.023,3722,1,100.00,54.74
2026-06-04 22:13:21.109,3723,1,100.00,82.19
2026-06-04 22:13:21.203,3724,1,100.00,89.39
2026-06-04 22:13:21.293,3725,1,100.00,82.71
2026-06-04 22:13:21.374,3726,1,100.00,76.61
2026-06-04 22:13:21.473,3727,1,100.00,87.86
2026-06-04 22:13:21.544,3728,1,100.00,66.01
2026-06-04 22:13:21.621,3729,1,100.00,72.30
2026-06-04 22:13:21.706,3730,1,100.00,73.45
2026-06-04 22:13:21.813,3731,1,100.00,87.85
2026-06-04 22:13:21.899,3732,1,100.00,82.27
2026-06-04 22:13:21.979,3733,1,100.00,75.36
2026-06-04 22:13:22.078,3734,1,100.00,87.78
2026-06-04 22:13:22.158,3735,1,100.00,75.84
2026-06-04 22:13:22.248,3736,1,100.00,85.29
2026-06-04 22:13:22.329,3737,1,100.00,76.41
2026-06-04 22:13:22.417,3738,1,100.00,78.99
2026-06-04 22:13:22.495,3739,1,100.00,73.81
2026-06-04 22:13:22.584,3740,1,100.00,82.66
2026-06-04 22:13:22.684,3741,1,100.00,81.06
2026-06-04 22:13:22.794,3742,1,100.00,96.08
2026-06-04 22:13:22.898,3743,1,100.00,88.26
2026-06-04 22:13:22.991,3744,1,100.00,73.89
2026-06-04 22:13:23.068,3745,1,100.00,71.96
2026-06-04 22:13:23.134,3746,1,100.00,59.99
2026-06-04 22:13:23.219,3747,1,100.00,65.87
2026-06-04 22:13:23.305,3748,1,100.00,73.24
2026-06-04 22:13:23.391,3749,1,100.00,79.83
2026-06-04 22:13:23.496,3750,1,100.00,88.82
2026-06-04 22:13:23.576,3751,1,100.00,75.90
2026-06-04 22:13:23.648,3752,1,100.00,68.16
2026-06-04 22:13:23.696,3753,1,100.00,44.35
2026-06-04 22:13:23.728,3754,1,100.00,25.27
2026-06-04 22:13:23.759,3755,1,100.00,26.60
2026-06-04 22:13:23.804,3756,1,100.00,27.40
2026-06-04 22:13:23.834,3757,1,100.00,26.70
2026-06-04 22:13:23.866,3758,1,100.00,27.61
2026-06-04 22:13:23.894,3759,1,100.00,24.16
2026-06-04 22:13:23.929,3760,1,100.00,27.13
2026-06-04 22:13:23.959,3761,1,100.00,26.09
2026-06-04 22:13:23.994,3762,1,100.00,28.87
2026-06-04 22:13:24.037,3763,1,100.00,25.25
2026-06-04 22:13:24.069,3764,1,100.00,25.68
2026-06-04 22:13:24.099,3765,1,100.00,27.68
2026-06-04 22:13:24.133,3766,1,100.00,27.53
2026-06-04 22:13:24.175,3767,1,100.00,25.11
2026-06-04 22:13:24.205,3768,1,100.00,23.98
2026-06-04 22:13:24.236,3769,1,100.00,22.52
2026-06-04 22:13:24.271,3770,1,100.00,25.99
2026-06-04 22:13:24.300,3771,1,100.00,23.72
2026-06-04 22:13:24.331,3772,1,100.00,23.32
2026-06-04 22:13:24.363,3773,1,100.00,24.27
2026-06-04 22:13:24.394,3774,1,100.00,24.86
2026-06-04 22:13:24.426,3775,1,100.00,25.64
2026-06-04 22:13:24.460,3776,1,100.00,28.50
2026-06-04 22:13:24.503,3777,1,100.00,24.72
2026-06-04 22:13:24.536,3778,1,100.00,26.59
2026-06-04 22:13:24.564,3779,1,100.00,25.56
2026-06-04 22:13:24.596,3780,1,100.00,23.88
2026-06-04 22:13:24.628,3781,1,100.00,25.14
2026-06-04 22:13:24.658,3782,1,100.00,23.99
2026-06-04 22:13:24.689,3783,1,100.00,23.76
2026-06-04 22:13:24.719,3784,1,100.00,23.01
2026-06-04 22:13:24.757,3785,1,100.00,27.74
2026-06-04 22:13:24.800,3786,1,100.00,24.22
2026-06-04 22:13:24.831,3787,1,100.00,24.25
2026-06-04 22:13:24.859,3788,1,100.00,26.14
2026-06-04 22:13:24.890,3789,1,100.00,26.78
2026-06-04 22:13:24.931,3790,1,100.00,27.61
2026-06-04 22:13:24.958,3791,1,100.00,25.16
2026-06-04 22:13:24.990,3792,1,100.00,26.21
2026-06-04 22:13:25.019,3793,1,100.00,23.10
2026-06-04 22:13:25.054,3794,1,100.00,26.86
2026-06-04 22:13:25.082,3795,1,100.00,23.52
2026-06-04 22:13:25.117,3796,1,100.00,26.97
2026-06-04 22:13:25.148,3797,1,100.00,25.83
2026-06-04 22:13:25.177,3798,1,100.00,23.98
2026-06-04 22:13:25.213,3799,1,100.00,28.44
2026-06-04 22:13:25.240,3800,1,100.00,24.04
2026-06-04 22:13:25.272,3801,1,100.00,24.07
2026-06-04 22:13:25.305,3802,1,100.00,24.94
2026-06-04 22:13:25.337,3803,1,100.00,24.83
2026-06-04 22:13:25.368,3804,1,100.00,24.23
2026-06-04 22:13:25.399,3805,1,100.00,23.44
2026-06-04 22:13:25.431,3806,1,100.00,24.29
2026-06-04 22:13:25.462,3807,1,100.00,23.19
2026-06-04 22:13:25.494,3808,1,100.00,23.67
2026-06-04 22:13:25.527,3809,1,100.00,25.54
2026-06-04 22:13:25.557,3810,1,100.00,23.95
2026-06-04 22:13:25.591,3811,1,100.00,25.04
2026-06-04 22:13:25.619,3812,1,100.00,23.77
2026-06-04 22:13:25.650,3813,1,100.00,23.77
2026-06-04 22:13:25.681,3814,1,100.00,22.78
2026-06-04 22:13:25.714,3815,1,100.00,25.43
2026-06-04 22:13:25.744,3816,1,100.00,23.12
2026-06-04 22:13:25.777,3817,1,100.00,25.92
2026-06-04 22:13:25.808,3818,1,100.00,24.33
2026-06-04 22:13:25.840,3819,1,100.00,26.28
2026-06-04 22:13:25.871,3820,1,100.00,25.14
2026-06-04 22:13:25.901,3821,1,100.00,23.79
2026-06-04 22:13:25.932,3822,1,100.00,24.68
2026-06-04 22:13:25.963,3823,1,100.00,24.11
2026-06-04 22:13:25.994,3824,1,100.00,23.38
2026-06-04 22:13:26.026,3825,1,100.00,24.42
2026-06-04 22:13:26.056,3826,1,100.00,23.99
2026-06-04 22:13:26.089,3827,1,100.00,25.59
2026-06-04 22:13:26.120,3828,1,100.00,25.22
2026-06-04 22:13:26.154,3829,1,100.00,26.98
2026-06-04 22:13:26.184,3830,1,100.00,26.15
2026-06-04 22:13:26.215,3831,1,100.00,26.28
2026-06-04 22:13:26.247,3832,1,100.00,27.29
