Timestamp,Frame_ID,Predicted_Class,Confidence_Score,Processing_Time_ms
2026-06-04 22:26:06.998,5,0,100.00,28.58
2026-06-04 22:26:07.029,6,0,100.00,27.68
2026-06-04 22:26:07.058,7,0,100.00,26.19
2026-06-04 22:26:07.107,8,0,100.00,38.80
2026-06-04 22:26:07.153,9,0,100.00,39.08
2026-06-04 22:26:07.193,10,0,100.00,33.24
2026-06-04 22:26:07.238,11,0,100.00,41.87
2026-06-04 22:26:07.289,12,0,100.00,37.30
2026-06-04 22:26:07.321,13,0,100.00,28.28
2026-06-04 22:26:07.358,14,0,100.00,27.89
2026-06-04 22:26:07.411,15,0,100.00,35.19
2026-06-04 22:26:07.451,16,0,100.00,28.06
2026-06-04 22:26:07.485,17,0,100.00,30.51
2026-06-04 22:26:07.534,18,0,100.00,30.44
2026-06-04 22:26:07.585,19,0,100.00,35.75
2026-06-04 22:26:07.615,20,0,100.00,26.75
2026-06-04 22:26:07.668,21,0,100.00,41.91
2026-06-04 22:26:07.721,22,0,100.00,34.00
2026-06-04 22:26:07.763,23,0,100.00,29.96
2026-06-04 22:26:07.805,24,0,100.00,25.38
2026-06-04 22:26:07.847,25,0,100.00,35.07
2026-06-04 22:26:07.876,26,0,100.00,25.96
2026-06-04 22:26:07.925,27,0,100.00,34.16
2026-06-04 22:26:07.958,28,0,100.00,29.20
2026-06-04 22:26:07.989,29,0,100.00,27.88
2026-06-04 22:26:08.019,30,0,100.00,27.50
2026-06-04 22:26:08.051,31,0,100.00,27.85
2026-06-04 22:26:08.081,32,0,100.00,27.52
2026-06-04 22:26:08.113,33,0,100.00,28.84
2026-06-04 22:26:08.145,34,0,100.00,28.03
2026-06-04 22:26:08.175,35,0,100.00,26.80
2026-06-04 22:26:08.217,36,0,100.00,30.98
2026-06-04 22:26:08.266,37,0,100.00,33.03
2026-06-04 22:26:08.313,38,0,100.00,32.58
2026-06-04 22:26:08.361,39,0,100.00,32.46
2026-06-04 22:26:08.407,40,0,100.00,29.93
2026-06-04 22:26:08.457,41,0,100.00,35.52
2026-06-04 22:26:08.490,42,0,100.00,30.46
2026-06-04 22:26:08.529,43,0,100.00,28.90
2026-06-04 22:26:08.578,44,0,100.00,31.76
2026-06-04 22:26:08.611,45,0,100.00,29.21
2026-06-04 22:26:08.644,46,0,100.00,29.04
2026-06-04 22:26:08.677,47,0,100.00,29.49
2026-06-04 22:26:08.705,48,0,100.00,25.03
2026-06-04 22:26:08.740,49,0,100.00,29.76
2026-06-04 22:26:08.773,50,0,100.00,30.33
2026-06-04 22:26:08.804,51,0,100.00,28.05
2026-06-04 22:26:08.845,52,0,100.00,37.06
2026-06-04 22:26:08.883,53,0,100.00,28.31
2026-06-04 22:26:08.918,54,0,100.00,31.97
2026-06-04 22:26:08.947,55,0,100.00,25.60
2026-06-04 22:26:08.976,56,0,100.00,24.80
2026-06-04 22:26:09.006,57,0,100.00,26.51
2026-06-04 22:26:09.037,58,0,100.00,26.89
2026-06-04 22:26:09.069,59,0,100.00,28.54
2026-06-04 22:26:09.099,60,0,100.00,26.28
2026-06-04 22:26:09.131,61,0,100.00,25.74
2026-06-04 22:26:09.165,62,0,100.00,28.19
2026-06-04 22:26:09.197,63,0,100.00,27.57
2026-06-04 22:26:09.229,64,0,100.00,28.32
2026-06-04 22:26:09.266,65,0,100.00,33.12
2026-06-04 22:26:09.321,66,0,100.00,42.32
2026-06-04 22:26:09.353,67,0,100.00,27.99
2026-06-04 22:26:09.383,68,0,100.00,27.75
2026-06-04 22:26:09.412,69,0,100.00,26.29
2026-06-04 22:26:09.443,70,0,100.00,27.27
2026-06-04 22:26:09.487,71,0,100.00,39.13
2026-06-04 22:26:09.525,72,0,100.00,31.54
2026-06-04 22:26:09.554,73,1,100.00,25.70
2026-06-04 22:26:09.601,74,1,100.00,29.58
2026-06-04 22:26:09.647,75,1,100.00,28.87
2026-06-04 22:26:09.681,76,1,100.00,31.00
2026-06-04 22:26:09.727,77,1,100.00,30.74
2026-06-04 22:26:09.784,78,1,100.00,41.78
2026-06-04 22:26:09.818,79,1,100.00,28.01
2026-06-04 22:26:09.849,80,1,100.00,27.40
2026-06-04 22:26:09.879,81,1,100.00,27.09
2026-06-04 22:26:09.910,82,1,100.00,27.70
2026-06-04 22:26:09.940,83,1,99.48,26.63
2026-06-04 22:26:09.971,84,1,91.92,27.55
2026-06-04 22:26:10.002,85,0,98.42,26.89
2026-06-04 22:26:10.030,86,0,99.38,25.80
2026-06-04 22:26:10.072,87,0,100.00,31.91
2026-06-04 22:26:10.104,88,0,99.84,28.74
2026-06-04 22:26:10.156,89,0,99.84,38.11
2026-06-04 22:26:10.195,90,0,99.99,29.75
2026-06-04 22:26:10.239,91,0,100.00,28.04
2026-06-04 22:26:10.272,92,0,100.00,29.59
2026-06-04 22:26:10.323,93,0,100.00,33.62
2026-06-04 22:26:10.367,94,0,100.00,30.09
2026-06-04 22:26:10.416,95,0,100.00,30.77
2026-06-04 22:26:10.448,96,0,100.00,29.87
2026-06-04 22:26:10.490,97,0,100.00,26.78
2026-06-04 22:26:10.521,98,0,100.00,26.96
2026-06-04 22:26:10.555,99,0,100.00,28.54
2026-06-04 22:26:10.600,100,0,100.00,27.87
2026-06-04 22:26:10.633,101,0,100.00,30.42
2026-06-04 22:26:10.677,102,0,100.00,29.01
2026-06-04 22:26:10.726,103,0,100.00,32.35
2026-06-04 22:26:10.768,104,0,99.99,27.43
2026-06-04 22:26:10.815,105,0,100.00,28.18
2026-06-04 22:26:10.848,106,0,64.16,30.14
2026-06-04 22:26:10.895,107,0,99.99,30.44
2026-06-04 22:26:10.939,108,0,99.99,28.15
2026-06-04 22:26:10.988,109,0,100.00,31.55
2026-06-04 22:26:11.038,110,0,100.00,34.08
2026-06-04 22:26:11.082,111,0,100.00,31.89
2026-06-04 22:26:11.129,112,0,100.00,31.77
2026-06-04 22:26:11.173,113,0,100.00,29.34
2026-06-04 22:26:11.218,114,0,100.00,27.50
2026-06-04 22:26:11.250,115,0,100.00,29.24
2026-06-04 22:26:11.295,116,0,100.00,27.44
2026-06-04 22:26:11.327,117,0,100.00,28.70
2026-06-04 22:26:11.357,118,0,100.00,25.82
2026-06-04 22:26:11.393,119,0,100.00,30.10
2026-06-04 22:26:11.425,120,0,100.00,28.79
2026-06-04 22:26:11.456,121,0,100.00,29.02
2026-06-04 22:26:11.503,122,0,100.00,29.90
2026-06-04 22:26:11.547,123,0,100.00,27.13
2026-06-04 22:26:11.583,124,0,100.00,32.18
2026-06-04 22:26:11.627,125,0,100.00,29.35
2026-06-04 22:26:11.673,126,0,100.00,28.01
2026-06-04 22:26:11.725,127,0,100.00,33.38
2026-06-04 22:26:11.769,128,0,100.00,33.06
2026-06-04 22:26:11.811,129,0,100.00,28.31
2026-06-04 22:26:11.858,130,0,100.00,28.42
2026-06-04 22:26:11.888,131,0,100.00,26.82
2026-06-04 22:26:11.933,132,0,100.00,27.67
2026-06-04 22:26:11.967,133,0,100.00,29.98
2026-06-04 22:26:12.014,134,0,100.00,29.10
2026-06-04 22:26:12.058,135,0,100.00,26.89
2026-06-04 22:26:12.095,136,0,100.00,31.97
2026-06-04 22:26:12.125,137,0,100.00,26.75
2026-06-04 22:26:12.168,138,0,100.00,27.36
2026-06-04 22:26:12.200,139,0,100.00,28.67
2026-06-04 22:26:12.250,140,0,100.00,33.00
2026-06-04 22:26:12.293,141,0,100.00,29.60
2026-06-04 22:26:12.323,142,0,100.00,26.50
2026-06-04 22:26:12.373,143,0,100.00,31.37
2026-06-04 22:26:12.414,144,0,100.00,25.75
2026-06-04 22:26:12.447,145,0,100.00,27.56
2026-06-04 22:26:12.478,146,0,100.00,26.47
2026-06-04 22:26:12.509,147,0,100.00,26.45
2026-06-04 22:26:12.546,148,0,100.00,30.86
2026-06-04 22:26:12.590,149,0,100.00,30.00
2026-06-04 22:26:12.625,150,0,99.99,31.53
2026-06-04 22:26:12.653,151,0,99.99,25.89
2026-06-04 22:26:12.697,152,0,99.96,27.98
2026-06-04 22:26:12.726,153,0,100.00,25.65
2026-06-04 22:26:12.760,154,0,100.00,28.41
2026-06-04 22:26:12.793,155,0,100.00,31.17
2026-06-04 22:26:12.823,156,0,100.00,25.95
2026-06-04 22:26:12.864,157,0,100.00,23.25
2026-06-04 22:26:12.899,158,0,99.94,26.69
2026-06-04 22:26:12.932,159,0,84.02,29.02
2026-06-04 22:26:12.959,160,0,84.02,23.74
2026-06-04 22:26:12.988,161,1,77.59,22.08
2026-06-04 22:26:13.023,162,0,99.99,24.90
2026-06-04 22:26:13.053,163,0,99.99,24.37
2026-06-04 22:26:13.084,164,0,99.47,24.09
2026-06-04 22:26:13.117,165,0,99.75,25.65
2026-06-04 22:26:13.149,166,0,99.75,26.68
2026-06-04 22:26:13.179,167,0,100.00,25.08
2026-06-04 22:26:13.213,168,0,100.00,27.70
2026-06-04 22:26:13.259,169,0,100.00,27.91
2026-06-04 22:26:13.285,170,0,99.90,23.57
2026-06-04 22:26:13.311,171,0,99.90,23.19
2026-06-04 22:26:13.347,172,0,100.00,24.60
2026-06-04 22:26:13.380,173,0,99.96,26.83
2026-06-04 22:26:13.408,174,0,99.96,24.29
2026-06-04 22:26:13.442,175,0,99.76,26.22
2026-06-04 22:26:13.470,176,0,99.91,25.35
2026-06-04 22:26:13.503,177,0,99.91,24.04
2026-06-04 22:26:13.536,178,0,79.83,26.72
2026-06-04 22:26:13.567,179,0,100.00,27.06
2026-06-04 22:26:13.600,180,0,100.00,27.24
2026-06-04 22:26:13.633,181,0,100.00,29.96
2026-06-04 22:26:13.668,182,0,100.00,30.61
2026-06-04 22:26:13.711,183,0,100.00,28.27
2026-06-04 22:26:13.756,184,0,100.00,26.15
2026-06-04 22:26:13.788,185,0,100.00,26.26
2026-06-04 22:26:13.821,186,0,100.00,28.76
2026-06-04 22:26:13.866,187,0,100.00,27.80
2026-06-04 22:26:13.899,188,0,100.00,28.55
2026-06-04 22:26:13.930,189,0,100.00,27.71
2026-06-04 22:26:13.959,190,0,100.00,26.07
2026-06-04 22:26:13.992,191,0,100.00,27.05
2026-06-04 22:26:14.029,192,0,100.00,32.11
2026-06-04 22:26:14.070,193,0,100.00,26.68
2026-06-04 22:26:14.103,194,0,100.00,29.34
2026-06-04 22:26:14.160,195,0,100.00,40.05
2026-06-04 22:26:14.193,196,0,100.00,26.11
2026-06-04 22:26:14.227,197,0,100.00,28.91
2026-06-04 22:26:14.265,198,0,100.00,35.52
2026-06-04 22:26:14.309,199,0,100.00,33.67
2026-06-04 22:26:14.355,200,0,100.00,32.21
2026-06-04 22:26:14.395,201,0,100.00,25.42
2026-06-04 22:26:14.430,202,0,100.00,30.43
2026-06-04 22:26:14.463,203,0,100.00,28.69
2026-06-04 22:26:14.507,204,0,100.00,28.80
2026-06-04 22:26:14.535,205,0,100.00,25.27
2026-06-04 22:26:14.569,206,0,100.00,31.51
2026-06-04 22:26:14.625,207,0,100.00,37.82
2026-06-04 22:26:14.663,208,0,100.00,28.94
2026-06-04 22:26:14.707,209,0,100.00,26.29
2026-06-04 22:26:14.739,210,0,100.00,27.78
2026-06-04 22:26:14.769,211,0,100.00,26.68
2026-06-04 22:26:14.801,212,0,100.00,26.96
2026-06-04 22:26:14.831,213,0,100.00,25.12
2026-06-04 22:26:14.859,214,0,100.00,23.66
2026-06-04 22:26:14.894,215,0,100.00,26.36
2026-06-04 22:26:14.927,216,0,100.00,28.49
2026-06-04 22:26:14.975,217,0,100.00,32.36
2026-06-04 22:26:15.017,218,0,100.00,25.93
2026-06-04 22:26:15.054,219,0,100.00,30.47
2026-06-04 22:26:15.097,220,0,100.00,26.71
2026-06-04 22:26:15.126,221,0,100.00,24.18
2026-06-04 22:26:15.155,222,0,100.00,25.13
2026-06-04 22:26:15.190,223,0,100.00,26.26
2026-06-04 22:26:15.221,224,0,99.76,25.35
2026-06-04 22:26:15.252,225,0,99.76,27.34
2026-06-04 22:26:15.283,226,0,99.69,24.20
2026-06-04 22:26:15.316,227,0,99.95,27.03
2026-06-04 22:26:15.343,228,0,99.95,23.67
2026-06-04 22:26:15.377,229,0,98.76,26.40
2026-06-04 22:26:15.405,230,0,99.84,24.44
2026-06-04 22:26:15.437,231,0,99.84,24.46
2026-06-04 22:26:15.468,232,0,99.77,24.58
2026-06-04 22:26:15.501,233,0,99.77,26.17
2026-06-04 22:26:15.531,234,0,99.61,25.02
2026-06-04 22:26:15.562,235,0,96.05,25.75
2026-06-04 22:26:15.593,236,0,96.05,24.78
2026-06-04 22:26:15.624,237,0,99.78,25.14
2026-06-04 22:26:15.653,238,0,99.90,25.65
2026-06-04 22:26:15.686,239,0,99.90,25.81
2026-06-04 22:26:15.719,240,1,99.84,28.10
2026-06-04 22:26:15.745,241,1,99.84,24.18
2026-06-04 22:26:15.778,242,1,57.32,26.62
2026-06-04 22:26:15.807,243,0,98.86,25.79
2026-06-04 22:26:15.840,244,0,98.86,27.01
2026-06-04 22:26:15.870,245,1,98.09,25.73
2026-06-04 22:26:15.902,246,0,83.03,26.34
2026-06-04 22:26:15.947,247,0,83.03,24.86
2026-06-04 22:26:15.981,248,1,65.22,27.08
2026-06-04 22:26:16.010,249,1,86.46,26.09
2026-06-04 22:26:16.043,250,1,86.46,26.25
2026-06-04 22:26:16.074,251,1,99.47,25.14
2026-06-04 22:26:16.103,252,0,56.20,24.61
2026-06-04 22:26:16.137,253,0,56.20,27.45
2026-06-04 22:26:16.166,254,0,95.46,26.70
2026-06-04 22:26:16.196,255,0,95.46,26.15
2026-06-04 22:26:16.229,256,0,98.62,24.84
2026-06-04 22:26:16.261,257,0,96.94,26.92
2026-06-04 22:26:16.287,258,0,96.94,22.35
2026-06-04 22:26:16.323,259,1,99.93,26.35
2026-06-04 22:26:16.353,260,1,67.31,25.57
2026-06-04 22:26:16.381,261,1,67.31,23.01
2026-06-04 22:26:16.411,262,0,99.76,27.18
2026-06-04 22:26:16.448,263,0,99.76,27.83
2026-06-04 22:26:16.495,264,0,75.50,29.70
2026-06-04 22:26:16.542,265,0,99.16,30.84
2026-06-04 22:26:16.582,266,0,98.96,22.80
2026-06-04 22:26:16.605,267,0,96.28,21.58
2026-06-04 22:26:16.651,268,0,96.69,28.26
2026-06-04 22:26:16.680,269,0,96.69,25.31
2026-06-04 22:26:16.713,270,0,99.96,27.60
2026-06-04 22:26:16.743,271,0,99.96,24.81
2026-06-04 22:26:16.776,272,0,99.99,28.09
2026-06-04 22:26:16.823,273,0,99.98,28.70
2026-06-04 22:26:16.853,274,0,98.75,27.13
2026-06-04 22:26:16.880,275,0,98.75,23.41
2026-06-04 22:26:16.907,276,0,100.00,24.52
2026-06-04 22:26:16.944,277,0,100.00,24.60
2026-06-04 22:26:16.976,278,0,100.00,25.66
2026-06-04 22:26:17.004,279,0,100.00,25.01
2026-06-04 22:26:17.041,280,0,100.00,28.23
2026-06-04 22:26:17.070,281,0,99.99,25.10
2026-06-04 22:26:17.099,282,0,100.00,24.57
2026-06-04 22:26:17.134,283,0,100.00,26.81
2026-06-04 22:26:17.167,284,0,100.00,28.62
2026-06-04 22:26:17.197,285,0,100.00,26.97
2026-06-04 22:26:17.227,286,0,100.00,25.81
2026-06-04 22:26:17.256,287,0,100.00,23.28
2026-06-04 22:26:17.292,288,0,100.00,28.51
2026-06-04 22:26:17.337,289,0,100.00,27.32
2026-06-04 22:26:17.369,290,0,100.00,27.18
2026-06-04 22:26:17.399,291,0,100.00,25.84
2026-06-04 22:26:17.428,292,0,100.00,23.82
2026-06-04 22:26:17.461,293,0,100.00,25.00
2026-06-04 22:26:17.492,294,0,100.00,27.38
2026-06-04 22:26:17.526,295,0,100.00,27.15
2026-06-04 22:26:17.557,296,0,100.00,26.67
2026-06-04 22:26:17.586,297,0,100.00,24.75
2026-06-04 22:26:17.616,298,0,100.00,23.56
2026-06-04 22:26:17.648,299,0,100.00,24.33
2026-06-04 22:26:17.677,300,0,100.00,24.12
2026-06-04 22:26:17.712,301,0,100.00,26.58
2026-06-04 22:26:17.740,302,0,100.00,23.70
2026-06-04 22:26:17.773,303,0,100.00,25.52
2026-06-04 22:26:17.804,304,0,100.00,25.03
2026-06-04 22:26:17.836,305,0,100.00,25.28
2026-06-04 22:26:17.865,306,0,100.00,23.90
2026-06-04 22:26:17.897,307,0,100.00,25.39
2026-06-04 22:26:17.928,308,0,100.00,25.34
2026-06-04 22:26:17.960,309,0,100.00,26.34
2026-06-04 22:26:17.985,310,0,100.00,22.38
2026-06-04 22:26:18.023,311,0,100.00,27.09
2026-06-04 22:26:18.054,312,0,100.00,26.83
2026-06-04 22:26:18.084,313,0,100.00,26.07
2026-06-04 22:26:18.117,314,0,100.00,26.03
2026-06-04 22:26:18.146,315,0,100.00,25.13
2026-06-04 22:26:18.174,316,0,100.00,24.27
2026-06-04 22:26:18.209,317,0,100.00,24.93
2026-06-04 22:26:18.238,318,0,100.00,23.19
2026-06-04 22:26:18.274,319,0,100.00,27.34
2026-06-04 22:26:18.301,320,0,100.00,22.97
2026-06-04 22:26:18.333,321,0,100.00,24.93
2026-06-04 22:26:18.363,322,0,100.00,24.43
2026-06-04 22:26:18.398,323,0,100.00,27.12
2026-06-04 22:26:18.427,324,0,100.00,24.55
2026-06-04 22:26:18.463,325,0,99.30,28.51
2026-06-04 22:26:18.495,326,0,100.00,27.89
2026-06-04 22:26:18.538,327,0,100.00,26.27
2026-06-04 22:26:18.566,328,0,100.00,24.22
2026-06-04 22:26:18.599,329,0,100.00,25.87
2026-06-04 22:26:18.628,330,0,100.00,25.80
2026-06-04 22:26:18.658,331,0,100.00,24.28
2026-06-04 22:26:18.685,332,0,100.00,24.75
2026-06-04 22:26:18.723,333,0,99.97,26.66
2026-06-04 22:26:18.749,334,0,100.00,23.41
2026-06-04 22:26:18.789,335,0,100.00,30.93
2026-06-04 22:26:18.831,336,0,100.00,27.62
2026-06-04 22:26:18.860,337,0,100.00,26.08
2026-06-04 22:26:18.893,338,0,100.00,28.16
2026-06-04 22:26:18.924,339,0,100.00,27.98
2026-06-04 22:26:18.971,340,0,100.00,28.75
2026-06-04 22:26:18.998,341,0,100.00,24.81
2026-06-04 22:26:19.029,342,0,100.00,27.15
2026-06-04 22:26:19.069,343,0,100.00,33.22
2026-06-04 22:26:19.106,344,0,100.00,23.79
2026-06-04 22:26:19.136,345,0,100.00,26.33
2026-06-04 22:26:19.171,346,0,100.00,26.98
2026-06-04 22:26:19.200,347,0,100.00,25.45
2026-06-04 22:26:19.231,348,0,100.00,24.68
2026-06-04 22:26:19.263,349,0,100.00,25.83
2026-06-04 22:26:19.292,350,0,100.00,25.84
2026-06-04 22:26:19.338,351,0,100.00,37.93
2026-06-04 22:26:19.380,352,0,100.00,35.02
2026-06-04 22:26:19.419,353,0,99.75,27.62
2026-06-04 22:26:19.447,354,0,99.99,25.07
2026-06-04 22:26:19.475,355,0,99.99,24.65
2026-06-04 22:26:19.511,356,0,100.00,26.46
2026-06-04 22:26:19.539,357,0,100.00,24.99
2026-06-04 22:26:19.575,358,0,100.00,26.26
2026-06-04 22:26:19.604,359,0,100.00,24.97
2026-06-04 22:26:19.635,360,0,100.00,27.30
2026-06-04 22:26:19.665,361,0,100.00,24.69
2026-06-04 22:26:19.694,362,0,99.93,25.91
2026-06-04 22:26:19.728,363,0,99.93,25.17
2026-06-04 22:26:19.768,364,0,100.00,32.66
2026-06-04 22:26:19.807,365,0,100.00,25.56
2026-06-04 22:26:19.833,366,0,99.78,22.72
2026-06-04 22:26:19.871,367,0,99.78,27.05
2026-06-04 22:26:19.900,368,0,99.98,25.35
2026-06-04 22:26:19.933,369,0,100.00,26.01
2026-06-04 22:26:19.962,370,0,100.00,23.64
2026-06-04 22:26:19.995,371,0,99.99,25.46
2026-06-04 22:26:20.027,372,0,99.99,25.99
2026-06-04 22:26:20.058,373,0,99.95,25.36
2026-06-04 22:26:20.092,374,0,100.00,27.70
2026-06-04 22:26:20.123,375,0,100.00,28.18
2026-06-04 22:26:20.150,376,0,100.00,24.71
2026-06-04 22:26:20.178,377,0,100.00,23.15
2026-06-04 22:26:20.217,378,0,100.00,27.96
2026-06-04 22:26:20.243,379,0,98.75,24.32
2026-06-04 22:26:20.277,380,0,98.75,29.73
2026-06-04 22:26:20.305,381,0,99.99,23.84
2026-06-04 22:26:20.331,382,0,100.00,22.80
2026-06-04 22:26:20.371,383,0,100.00,26.31
2026-06-04 22:26:20.399,384,0,99.73,23.19
2026-06-04 22:26:20.428,385,0,100.00,26.17
2026-06-04 22:26:20.466,386,0,100.00,28.24
2026-06-04 22:26:20.510,387,0,100.00,26.69
2026-06-04 22:26:20.540,388,0,100.00,26.20
2026-06-04 22:26:20.575,389,0,100.00,28.21
2026-06-04 22:26:20.604,390,0,100.00,26.40
2026-06-04 22:26:20.633,391,0,100.00,24.58
2026-06-04 22:26:20.668,392,0,100.00,27.65
2026-06-04 22:26:20.696,393,0,100.00,25.53
2026-06-04 22:26:20.723,394,0,100.00,24.70
2026-06-04 22:26:20.761,395,0,100.00,27.65
2026-06-04 22:26:20.789,396,0,100.00,24.41
2026-06-04 22:26:20.820,397,0,100.00,27.57
2026-06-04 22:26:20.853,398,0,100.00,25.77
2026-06-04 22:26:20.883,399,0,100.00,25.16
2026-06-04 22:26:20.917,400,0,100.00,26.92
2026-06-04 22:26:20.945,401,0,100.00,25.17
2026-06-04 22:26:20.973,402,0,100.00,23.53
2026-06-04 22:26:21.012,403,0,100.00,26.96
2026-06-04 22:26:21.047,404,0,100.00,31.44
2026-06-04 22:26:21.075,405,0,100.00,24.67
2026-06-04 22:26:21.109,406,0,100.00,28.57
2026-06-04 22:26:21.156,407,0,100.00,29.09
2026-06-04 22:26:21.201,408,0,100.00,27.79
2026-06-04 22:26:21.228,409,0,100.00,23.85
2026-06-04 22:26:21.264,410,0,100.00,28.15
2026-06-04 22:26:21.299,411,0,100.00,32.45
2026-06-04 22:26:21.329,412,0,100.00,26.19
2026-06-04 22:26:21.373,413,0,100.00,27.91
2026-06-04 22:26:21.416,414,0,100.00,24.98
2026-06-04 22:26:21.451,415,0,100.00,29.05
2026-06-04 22:26:21.494,416,0,100.00,26.29
2026-06-04 22:26:21.525,417,0,100.00,27.08
2026-06-04 22:26:21.559,418,0,100.00,27.12
2026-06-04 22:26:21.589,419,0,100.00,26.19
2026-06-04 22:26:21.619,420,0,100.00,26.23
2026-06-04 22:26:21.650,421,0,100.00,24.66
2026-06-04 22:26:21.682,422,0,100.00,27.80
2026-06-04 22:26:21.715,423,0,100.00,29.39
2026-06-04 22:26:21.749,424,0,100.00,31.66
2026-06-04 22:26:21.801,425,0,100.00,37.87
2026-06-04 22:26:21.838,426,0,100.00,29.87
2026-06-04 22:26:21.893,427,0,100.00,37.37
2026-06-04 22:26:21.933,428,0,100.00,31.34
2026-06-04 22:26:21.976,429,0,100.00,26.80
2026-06-04 22:26:22.006,430,0,100.00,26.70
2026-06-04 22:26:22.033,431,0,100.00,23.93
2026-06-04 22:26:22.066,432,0,100.00,25.67
2026-06-04 22:26:22.100,433,0,100.00,26.99
2026-06-04 22:26:22.127,434,0,100.00,23.54
2026-06-04 22:26:22.163,435,0,100.00,30.31
2026-06-04 22:26:22.205,436,0,100.00,24.16
2026-06-04 22:26:22.236,437,0,100.00,25.11
2026-06-04 22:26:22.266,438,0,100.00,26.50
2026-06-04 22:26:22.298,439,0,100.00,24.35
2026-06-04 22:26:22.325,440,0,100.00,23.31
2026-06-04 22:26:22.362,441,0,100.00,26.10
2026-06-04 22:26:22.393,442,0,100.00,26.06
2026-06-04 22:26:22.423,443,0,100.00,27.57
2026-06-04 22:26:22.454,444,0,100.00,25.13
2026-06-04 22:26:22.487,445,0,100.00,26.99
2026-06-04 22:26:22.517,446,0,100.00,27.62
2026-06-04 22:26:22.548,447,0,100.00,23.70
2026-06-04 22:26:22.583,448,0,100.00,26.86
2026-06-04 22:26:22.613,449,0,100.00,26.99
2026-06-04 22:26:22.644,450,0,100.00,24.71
2026-06-04 22:26:22.671,451,0,100.00,23.26
2026-06-04 22:26:22.716,452,0,100.00,33.63
2026-06-04 22:26:22.754,453,0,100.00,24.58
2026-06-04 22:26:22.785,454,0,100.00,28.16
2026-06-04 22:26:22.811,455,0,100.00,21.07
2026-06-04 22:26:22.847,456,0,100.00,26.06
2026-06-04 22:26:22.877,457,0,100.00,25.33
2026-06-04 22:26:22.911,458,0,100.00,27.83
2026-06-04 22:26:22.940,459,0,100.00,24.43
2026-06-04 22:26:22.970,460,0,100.00,26.54
2026-06-04 22:26:23.000,461,0,100.00,24.79
2026-06-04 22:26:23.031,462,0,100.00,24.54
2026-06-04 22:26:23.059,463,0,100.00,25.01
2026-06-04 22:26:23.095,464,0,100.00,25.86
2026-06-04 22:26:23.125,465,0,100.00,25.36
2026-06-04 22:26:23.153,466,0,100.00,24.07
2026-06-04 22:26:23.188,467,0,100.00,25.87
2026-06-04 22:26:23.216,468,0,100.00,24.51
2026-06-04 22:26:23.250,469,0,100.00,26.37
2026-06-04 22:26:23.280,470,0,100.00,26.99
2026-06-04 22:26:23.316,471,0,100.00,30.03
2026-06-04 22:26:23.356,472,0,100.00,23.14
2026-06-04 22:26:23.388,473,0,100.00,24.33
2026-06-04 22:26:23.417,474,0,100.00,23.42
2026-06-04 22:26:23.450,475,0,100.00,24.78
2026-06-04 22:26:23.482,476,0,100.00,25.59
2026-06-04 22:26:23.511,477,0,100.00,24.29
2026-06-04 22:26:23.541,478,0,100.00,22.05
2026-06-04 22:26:23.573,479,0,100.00,23.49
2026-06-04 22:26:23.601,480,0,100.00,24.96
2026-06-04 22:26:23.637,481,0,100.00,24.33
2026-06-04 22:26:23.664,482,0,100.00,22.80
2026-06-04 22:26:23.707,483,0,100.00,31.34
2026-06-04 22:26:23.731,484,0,100.00,21.09
2026-06-04 22:26:23.760,485,0,100.00,23.96
2026-06-04 22:26:23.796,486,0,100.00,26.54
2026-06-04 22:26:23.823,487,0,100.00,22.37
2026-06-04 22:26:23.856,488,0,100.00,24.10
2026-06-04 22:26:23.887,489,0,100.00,24.67
2026-06-04 22:26:23.916,490,0,100.00,21.95
2026-06-04 22:26:23.950,491,0,100.00,24.38
2026-06-04 22:26:23.980,492,0,100.00,23.17
2026-06-04 22:26:24.012,493,0,100.00,23.10
2026-06-04 22:26:24.046,494,0,100.00,25.51
2026-06-04 22:26:24.076,495,0,100.00,24.20
2026-06-04 22:26:24.108,496,0,100.00,24.65
2026-06-04 22:26:24.138,497,0,100.00,23.90
2026-06-04 22:26:24.170,498,0,100.00,24.36
2026-06-04 22:26:24.202,499,0,100.00,24.26
2026-06-04 22:26:24.232,500,0,100.00,23.53
2026-06-04 22:26:24.259,501,0,100.00,24.23
2026-06-04 22:26:24.293,502,0,100.00,22.96
2026-06-04 22:26:24.324,503,0,100.00,22.48
2026-06-04 22:26:24.351,504,0,100.00,24.81
2026-06-04 22:26:24.387,505,0,100.00,22.59
2026-06-04 22:26:24.420,506,0,100.00,24.98
2026-06-04 22:26:24.445,507,0,100.00,21.77
2026-06-04 22:26:24.487,508,0,100.00,28.11
2026-06-04 22:26:24.514,509,0,100.00,23.11
2026-06-04 22:26:24.541,510,0,100.00,24.59
2026-06-04 22:26:24.583,511,0,100.00,28.07
2026-06-04 22:26:24.613,512,0,100.00,26.63
2026-06-04 22:26:24.649,513,0,100.00,31.41
2026-06-04 22:26:24.679,514,0,100.00,27.35
2026-06-04 22:26:24.710,515,0,100.00,27.07
2026-06-04 22:26:24.752,516,0,100.00,24.92
2026-06-04 22:26:24.784,517,0,100.00,26.85
2026-06-04 22:26:24.813,518,0,100.00,25.55
2026-06-04 22:26:24.843,519,0,100.00,23.40
2026-06-04 22:26:24.877,520,0,100.00,25.10
2026-06-04 22:26:24.905,521,0,100.00,22.66
2026-06-04 22:26:24.939,522,0,100.00,25.27
2026-06-04 22:26:24.969,523,0,100.00,24.70
2026-06-04 22:26:24.995,524,0,100.00,22.65
2026-06-04 22:26:25.030,525,0,100.00,22.60
2026-06-04 22:26:25.058,526,0,100.00,24.15
2026-06-04 22:26:25.095,527,0,100.00,24.72
2026-06-04 22:26:25.126,528,0,100.00,23.39
2026-06-04 22:26:25.153,529,0,100.00,23.78
2026-06-04 22:26:25.188,530,0,100.00,22.94
2026-06-04 22:26:25.220,531,0,100.00,24.21
2026-06-04 22:26:25.247,532,0,100.00,23.31
2026-06-04 22:26:25.283,533,0,100.00,25.07
2026-06-04 22:26:25.313,534,0,100.00,23.76
2026-06-04 22:26:25.343,535,0,100.00,26.04
2026-06-04 22:26:25.380,536,0,100.00,27.89
2026-06-04 22:26:25.410,537,0,100.00,27.15
2026-06-04 22:26:25.435,538,0,100.00,21.75
2026-06-04 22:26:25.471,539,0,100.00,25.30
2026-06-04 22:26:25.501,540,0,100.00,23.69
2026-06-04 22:26:25.532,541,0,100.00,23.91
2026-06-04 22:26:25.563,542,0,100.00,22.90
2026-06-04 22:26:25.595,543,0,100.00,24.12
2026-06-04 22:26:25.627,544,0,100.00,23.92
2026-06-04 22:26:25.656,545,0,100.00,22.00
2026-06-04 22:26:25.689,546,0,100.00,24.29
2026-06-04 22:26:25.718,547,0,99.97,21.68
2026-06-04 22:26:25.743,548,0,99.97,22.98
2026-06-04 22:26:25.782,549,0,100.00,24.12
2026-06-04 22:26:25.814,550,0,100.00,25.94
2026-06-04 22:26:25.841,551,0,100.00,21.46
2026-06-04 22:26:25.875,552,0,100.00,24.58
2026-06-04 22:26:25.902,553,0,90.94,24.07
2026-06-04 22:26:25.937,554,0,90.94,24.40
2026-06-04 22:26:25.970,555,0,100.00,25.29
2026-06-04 22:26:25.998,556,0,100.00,24.02
2026-06-04 22:26:26.031,557,0,99.99,23.17
2026-06-04 22:26:26.060,558,0,99.88,26.18
2026-06-04 22:26:26.097,559,0,99.88,28.66
2026-06-04 22:26:26.141,560,0,100.00,26.22
2026-06-04 22:26:26.173,561,0,84.97,26.92
2026-06-04 22:26:26.201,562,1,99.21,24.05
2026-06-04 22:26:26.231,563,1,99.21,22.08
2026-06-04 22:26:26.266,564,0,100.00,26.37
2026-06-04 22:26:26.292,565,0,99.53,21.29
2026-06-04 22:26:26.326,566,0,99.53,23.35
2026-06-04 22:26:26.358,567,0,100.00,24.06
2026-06-04 22:26:26.392,568,0,100.00,26.81
2026-06-04 22:26:26.418,569,0,99.99,21.92
2026-06-04 22:26:26.445,570,0,99.99,24.91
2026-06-04 22:26:26.483,571,0,100.00,24.18
2026-06-04 22:26:26.512,572,0,100.00,22.66
2026-06-04 22:26:26.542,573,0,100.00,21.49
2026-06-04 22:26:26.579,574,0,100.00,26.86
2026-06-04 22:26:26.605,575,0,100.00,22.86
2026-06-04 22:26:26.638,576,0,100.00,24.20
2026-06-04 22:26:26.670,577,0,100.00,25.46
2026-06-04 22:26:26.697,578,0,100.00,23.15
2026-06-04 22:26:26.731,579,0,100.00,23.05
2026-06-04 22:26:26.764,580,0,99.36,24.44
2026-06-04 22:26:26.797,581,0,99.66,25.11
2026-06-04 22:26:26.828,582,0,99.66,24.65
2026-06-04 22:26:26.857,583,0,99.92,22.07
2026-06-04 22:26:26.889,584,0,99.92,22.98
2026-06-04 22:26:26.922,585,0,99.12,23.96
2026-06-04 22:26:26.952,586,1,59.74,21.94
2026-06-04 22:26:26.986,587,1,59.74,24.50
2026-06-04 22:26:27.017,588,0,99.76,24.35
2026-06-04 22:26:27.050,589,0,99.91,26.12
2026-06-04 22:26:27.083,590,0,99.91,26.96
2026-06-04 22:26:27.113,591,0,100.00,27.84
2026-06-04 22:26:27.160,592,0,99.89,28.58
2026-06-04 22:26:27.187,593,0,99.89,24.03
2026-06-04 22:26:27.214,594,0,99.95,21.67
2026-06-04 22:26:27.246,595,0,99.96,22.99
2026-06-04 22:26:27.277,596,0,99.96,24.13
2026-06-04 22:26:27.309,597,0,99.87,23.96
2026-06-04 22:26:27.340,598,0,99.87,23.30
2026-06-04 22:26:27.373,599,0,100.00,25.21
2026-06-04 22:26:27.403,600,0,100.00,24.19
2026-06-04 22:26:27.433,601,0,100.00,23.40
2026-06-04 22:26:27.465,602,0,100.00,24.65
2026-06-04 22:26:27.495,603,0,99.99,23.10
2026-06-04 22:26:27.526,604,0,99.99,23.05
2026-06-04 22:26:27.562,605,0,100.00,27.52
2026-06-04 22:26:27.607,606,0,100.00,26.58
2026-06-04 22:26:27.633,607,0,96.76,22.81
2026-06-04 22:26:27.668,608,0,96.76,24.63
2026-06-04 22:26:27.700,609,0,100.00,25.72
2026-06-04 22:26:27.726,610,0,100.00,22.73
2026-06-04 22:26:27.762,611,0,100.00,25.11
2026-06-04 22:26:27.790,612,0,100.00,24.73
2026-06-04 22:26:27.822,613,1,69.58,23.74
2026-06-04 22:26:27.857,614,0,100.00,26.74
2026-06-04 22:26:27.883,615,0,100.00,22.31
2026-06-04 22:26:27.917,616,1,96.88,23.75
2026-06-04 22:26:27.948,617,0,100.00,23.24
2026-06-04 22:26:27.979,618,0,100.00,23.62
2026-06-04 22:26:28.011,619,0,99.99,24.15
2026-06-04 22:26:28.045,620,0,99.98,26.73
2026-06-04 22:26:28.074,621,0,99.98,24.84
2026-06-04 22:26:28.103,622,0,100.00,22.74
2026-06-04 22:26:28.137,623,0,100.00,25.44
2026-06-04 22:26:28.167,624,0,100.00,24.36
2026-06-04 22:26:28.197,625,0,99.99,22.87
2026-06-04 22:26:28.229,626,0,99.99,23.71
2026-06-04 22:26:28.255,627,0,95.18,22.27
2026-06-04 22:26:28.291,628,0,99.57,23.28
2026-06-04 22:26:28.324,629,0,99.57,24.50
2026-06-04 22:26:28.355,630,0,73.28,23.88
2026-06-04 22:26:28.380,631,0,73.28,22.09
2026-06-04 22:26:28.417,632,0,99.93,23.13
2026-06-04 22:26:28.449,633,0,100.00,24.26
2026-06-04 22:26:28.478,634,0,100.00,26.03
2026-06-04 22:26:28.510,635,0,98.91,24.05
2026-06-04 22:26:28.542,636,0,100.00,25.23
2026-06-04 22:26:28.572,637,0,100.00,25.15
2026-06-04 22:26:28.603,638,0,100.00,23.99
2026-06-04 22:26:28.633,639,0,99.98,22.32
2026-06-04 22:26:28.666,640,0,99.98,24.89
2026-06-04 22:26:28.691,641,0,99.98,22.45
2026-06-04 22:26:28.728,642,1,85.64,25.21
2026-06-04 22:26:28.757,643,0,95.57,22.84
2026-06-04 22:26:28.783,644,0,95.57,22.64
2026-06-04 22:26:28.823,645,1,85.80,25.47
2026-06-04 22:26:28.854,646,0,99.88,25.67
2026-06-04 22:26:28.880,647,0,99.88,22.67
2026-06-04 22:26:28.915,648,0,100.00,24.55
2026-06-04 22:26:28.947,649,0,100.00,24.24
2026-06-04 22:26:28.977,650,0,100.00,26.61
2026-06-04 22:26:29.010,651,0,100.00,24.88
2026-06-04 22:26:29.044,652,0,100.00,29.74
2026-06-04 22:26:29.070,653,0,100.00,23.69
2026-06-04 22:26:29.103,654,0,99.79,23.85
2026-06-04 22:26:29.133,655,0,99.79,23.56
2026-06-04 22:26:29.164,656,0,65.11,22.81
2026-06-04 22:26:29.197,657,0,99.70,25.15
2026-06-04 22:26:29.226,658,0,99.70,22.02
2026-06-04 22:26:29.261,659,0,99.51,26.21
2026-06-04 22:26:29.289,660,0,100.00,22.72
2026-06-04 22:26:29.321,661,0,100.00,22.99
2026-06-04 22:26:29.353,662,0,95.28,24.86
2026-06-04 22:26:29.380,663,1,93.64,23.63
2026-06-04 22:26:29.416,664,1,93.64,24.08
2026-06-04 22:26:29.449,665,0,91.22,25.03
2026-06-04 22:26:29.478,666,0,91.22,25.25
2026-06-04 22:26:29.510,667,0,100.00,24.43
2026-06-04 22:26:29.537,668,0,63.40,23.15
2026-06-04 22:26:29.578,669,0,63.40,29.44
2026-06-04 22:26:29.619,670,1,99.29,23.80
2026-06-04 22:26:29.650,671,1,78.80,27.44
2026-06-04 22:26:29.677,672,1,78.80,23.39
2026-06-04 22:26:29.718,673,1,81.19,28.06
2026-06-04 22:26:29.761,674,1,99.32,24.90
2026-06-04 22:26:29.788,675,1,55.63,20.89
2026-06-04 22:26:29.823,676,1,55.63,24.94
2026-06-04 22:26:29.854,677,0,96.28,26.10
2026-06-04 22:26:29.879,678,1,95.06,20.74
2026-06-04 22:26:29.914,679,1,95.06,23.69
2026-06-04 22:26:29.942,680,1,60.39,25.07
2026-06-04 22:26:29.967,681,1,60.39,22.44
2026-06-04 22:26:30.008,682,0,87.37,24.69
2026-06-04 22:26:30.036,683,1,73.01,23.89
2026-06-04 22:26:30.067,684,1,73.01,21.98
2026-06-04 22:26:30.097,685,1,99.99,26.67
2026-06-04 22:26:30.131,686,1,99.99,24.13
2026-06-04 22:26:30.161,687,1,97.62,23.03
2026-06-04 22:26:30.193,688,0,94.88,24.71
2026-06-04 22:26:30.223,689,0,94.88,22.65
2026-06-04 22:26:30.257,690,0,83.24,24.22
2026-06-04 22:26:30.287,691,0,99.95,22.62
2026-06-04 22:26:30.320,692,0,99.95,24.78
2026-06-04 22:26:30.348,693,0,99.95,21.77
2026-06-04 22:26:30.375,694,0,99.95,23.86
2026-06-04 22:26:30.411,695,0,99.99,23.26
2026-06-04 22:26:30.441,696,0,99.99,21.84
2026-06-04 22:26:30.473,697,0,99.99,22.84
2026-06-04 22:26:30.508,698,1,98.12,27.45
2026-06-04 22:26:30.536,699,1,98.12,25.07
2026-06-04 22:26:30.571,700,0,100.00,28.32
2026-06-04 22:26:30.596,701,0,100.00,21.97
2026-06-04 22:26:30.622,702,0,100.00,23.22
2026-06-04 22:26:30.663,703,0,100.00,25.96
2026-06-04 22:26:30.691,704,0,100.00,23.47
2026-06-04 22:26:30.717,705,0,100.00,23.48
2026-06-04 22:26:30.756,706,0,100.00,24.56
2026-06-04 22:26:30.785,707,0,100.00,22.02
2026-06-04 22:26:30.817,708,0,100.00,23.84
2026-06-04 22:26:30.850,709,0,100.00,26.07
2026-06-04 22:26:30.879,710,0,100.00,24.66
2026-06-04 22:26:30.909,711,0,100.00,23.18
2026-06-04 22:26:30.941,712,0,100.00,24.16
2026-06-04 22:26:30.973,713,0,100.00,24.82
2026-06-04 22:26:31.005,714,0,100.00,26.42
2026-06-04 22:26:31.033,715,0,100.00,23.96
2026-06-04 22:26:31.066,716,0,100.00,24.40
2026-06-04 22:26:31.100,717,0,100.00,27.36
2026-06-04 22:26:31.130,718,0,100.00,26.08
2026-06-04 22:26:31.162,719,0,100.00,25.23
2026-06-04 22:26:31.191,720,0,100.00,24.83
2026-06-04 22:26:31.218,721,0,100.00,26.27
2026-06-04 22:26:31.254,722,0,100.00,25.81
2026-06-04 22:26:31.283,723,0,100.00,23.56
2026-06-04 22:26:31.311,724,0,100.00,24.83
2026-06-04 22:26:31.348,725,0,97.93,25.65
2026-06-04 22:26:31.378,726,0,99.99,23.82
2026-06-04 22:26:31.413,727,0,99.99,26.91
2026-06-04 22:26:31.446,728,0,99.93,29.14
2026-06-04 22:26:31.489,729,0,99.99,25.49
2026-06-04 22:26:31.518,730,0,99.99,24.23
2026-06-04 22:26:31.551,731,1,96.69,26.28
2026-06-04 22:26:31.583,732,0,99.73,27.06
2026-06-04 22:26:31.611,733,0,99.73,24.18
2026-06-04 22:26:31.644,734,0,90.88,25.86
2026-06-04 22:26:31.676,735,1,97.78,26.84
2026-06-04 22:26:31.708,736,1,97.78,27.18
2026-06-04 22:26:31.732,737,0,50.24,22.72
2026-06-04 22:26:31.758,738,0,50.24,25.96
2026-06-04 22:26:31.781,739,1,99.48,22.65
2026-06-04 22:26:31.810,740,1,99.48,24.60
2026-06-04 22:26:31.836,741,1,100.00,25.11
2026-06-04 22:26:31.863,742,1,100.00,25.19
2026-06-04 22:26:31.890,743,1,100.00,26.59
2026-06-04 22:26:31.915,744,1,100.00,24.59
2026-06-04 22:26:31.943,745,1,99.99,24.86
2026-06-04 22:26:31.969,746,1,99.99,23.67
2026-06-04 22:26:32.003,747,1,100.00,27.14
2026-06-04 22:26:32.027,748,1,100.00,23.53
2026-06-04 22:26:32.061,749,1,100.00,22.28
2026-06-04 22:26:32.093,750,1,100.00,24.05
2026-06-04 22:26:32.125,751,1,100.00,24.11
2026-06-04 22:26:32.157,752,1,100.00,24.92
2026-06-04 22:26:32.184,753,1,100.00,21.30
2026-06-04 22:26:32.212,754,1,100.00,24.29
2026-06-04 22:26:32.251,755,1,99.99,26.58
2026-06-04 22:26:32.279,756,1,100.00,25.79
2026-06-04 22:26:32.312,757,1,100.00,24.80
2026-06-04 22:26:32.344,758,1,100.00,24.74
2026-06-04 22:26:32.372,759,1,100.00,22.01
2026-06-04 22:26:32.406,760,1,99.94,24.31
2026-06-04 22:26:32.430,761,1,99.82,23.60
2026-06-04 22:26:32.469,762,1,99.82,24.57
2026-06-04 22:26:32.501,763,1,100.00,25.26
2026-06-04 22:26:32.530,764,1,100.00,24.85
2026-06-04 22:26:32.563,765,1,100.00,24.52
2026-06-04 22:26:32.588,766,1,100.00,24.90
2026-06-04 22:26:32.624,767,1,100.00,23.85
2026-06-04 22:26:32.656,768,1,100.00,23.29
2026-06-04 22:26:32.688,769,1,100.00,24.13
2026-06-04 22:26:32.719,770,1,100.00,23.32
2026-06-04 22:26:32.752,771,1,100.00,24.38
2026-06-04 22:26:32.782,772,1,100.00,23.00
2026-06-04 22:26:32.815,773,1,100.00,24.61
2026-06-04 22:26:32.842,774,1,99.86,24.66
2026-06-04 22:26:32.867,775,1,99.86,22.61
2026-06-04 22:26:32.910,776,1,99.99,24.61
2026-06-04 22:26:32.942,777,1,100.00,25.68
2026-06-04 22:26:32.975,778,1,100.00,26.64
2026-06-04 22:26:33.011,779,1,100.00,31.15
2026-06-04 22:26:33.051,780,1,100.00,23.89
2026-06-04 22:26:33.083,781,1,100.00,24.65
2026-06-04 22:26:33.113,782,1,99.95,24.11
2026-06-04 22:26:33.148,783,1,99.95,27.68
2026-06-04 22:26:33.178,784,0,91.05,25.59
2026-06-04 22:26:33.210,785,0,91.05,27.24
2026-06-04 22:26:33.239,786,0,69.32,26.07
2026-06-04 22:26:33.265,787,1,69.54,22.27
2026-06-04 22:26:33.301,788,1,69.54,24.70
2026-06-04 22:26:33.331,789,1,99.98,24.71
2026-06-04 22:26:33.358,790,1,99.98,22.25
2026-06-04 22:26:33.396,791,0,97.77,25.06
2026-06-04 22:26:33.427,792,0,70.75,24.30
2026-06-04 22:26:33.452,793,0,70.75,22.64
2026-06-04 22:26:33.487,794,0,99.78,23.59
2026-06-04 22:26:33.511,795,1,66.13,22.62
2026-06-04 22:26:33.536,796,1,66.13,22.95
2026-06-04 22:26:33.563,797,0,97.82,23.18
2026-06-04 22:26:33.595,798,0,97.82,22.19
2026-06-04 22:26:33.628,799,0,100.00,22.76
2026-06-04 22:26:33.660,800,0,100.00,24.62
2026-06-04 22:26:33.691,801,0,99.75,24.14
2026-06-04 22:26:33.719,802,0,99.74,22.13
2026-06-04 22:26:33.751,803,0,99.74,23.60
2026-06-04 22:26:33.785,804,0,99.86,24.55
2026-06-04 22:26:33.815,805,0,96.88,23.22
2026-06-04 22:26:33.845,806,0,96.88,23.49
2026-06-04 22:26:33.878,807,0,99.97,24.22
2026-06-04 22:26:33.902,808,0,99.99,22.08
2026-06-04 22:26:33.939,809,0,99.50,22.99
2026-06-04 22:26:33.965,810,1,99.87,22.40
2026-06-04 22:26:34.003,811,0,95.84,25.14
2026-06-04 22:26:34.035,812,0,95.84,25.62
2026-06-04 22:26:34.060,813,0,97.42,22.53
2026-06-04 22:26:34.097,814,0,97.42,23.63
2026-06-04 22:26:34.127,815,1,99.87,22.42
2026-06-04 22:26:34.156,816,1,99.87,23.71
2026-06-04 22:26:34.191,817,1,100.00,25.56
2026-06-04 22:26:34.219,818,1,97.22,21.80
2026-06-04 22:26:34.250,819,1,97.22,22.50
2026-06-04 22:26:34.284,820,1,89.08,25.69
2026-06-04 22:26:34.312,821,1,95.06,22.86
2026-06-04 22:26:34.344,822,1,95.06,23.79
2026-06-04 22:26:34.374,823,1,85.80,22.72
2026-06-04 22:26:34.401,824,1,85.80,23.79
2026-06-04 22:26:34.440,825,0,55.69,25.95
2026-06-04 22:26:34.466,826,0,99.80,21.90
2026-06-04 22:26:34.492,827,0,99.80,23.73
2026-06-04 22:26:34.532,828,1,99.38,24.06
2026-06-04 22:26:34.563,829,1,99.91,24.74
2026-06-04 22:26:34.595,830,1,99.91,25.75
2026-06-04 22:26:34.622,831,0,59.42,23.90
2026-06-04 22:26:34.656,832,0,59.42,23.78
2026-06-04 22:26:34.688,833,1,99.43,23.66
2026-06-04 22:26:34.720,834,1,99.96,24.11
2026-06-04 22:26:34.743,835,1,100.00,21.97
2026-06-04 22:26:34.782,836,1,100.00,23.53
2026-06-04 22:26:34.812,837,1,100.00,22.62
2026-06-04 22:26:34.843,838,1,100.00,22.75
2026-06-04 22:26:34.876,839,1,100.00,24.97
2026-06-04 22:26:34.912,840,1,99.98,29.56
2026-06-04 22:26:34.934,841,1,99.97,21.79
2026-06-04 22:26:34.973,842,1,99.35,25.83
2026-06-04 22:26:35.001,843,1,100.00,22.84
2026-06-04 22:26:35.033,844,1,100.00,24.44
2026-06-04 22:26:35.061,845,1,99.85,21.75
2026-06-04 22:26:35.087,846,1,99.58,24.50
2026-06-04 22:26:35.116,847,1,100.00,25.87
2026-06-04 22:26:35.141,848,1,100.00,23.34
2026-06-04 22:26:35.174,849,1,100.00,22.66
2026-06-04 22:26:35.200,850,1,100.00,22.13
2026-06-04 22:26:35.223,851,1,99.99,22.77
2026-06-04 22:26:35.251,852,1,100.00,24.63
2026-06-04 22:26:35.284,853,1,100.00,23.75
2026-06-04 22:26:35.316,854,1,100.00,23.18
2026-06-04 22:26:35.341,855,1,100.00,22.02
2026-06-04 22:26:35.366,856,1,100.00,24.76
2026-06-04 22:26:35.395,857,1,100.00,26.97
2026-06-04 22:26:35.445,858,1,99.85,43.05
2026-06-04 22:26:35.495,859,1,100.00,46.21
2026-06-04 22:26:35.537,860,1,100.00,40.77
2026-06-04 22:26:35.573,861,1,100.00,32.98
2026-06-04 22:26:35.599,862,1,100.00,22.70
2026-06-04 22:26:35.623,863,1,100.00,23.84
2026-06-04 22:26:35.660,864,1,100.00,24.11
2026-06-04 22:26:35.690,865,1,100.00,22.90
2026-06-04 22:26:35.727,866,1,100.00,28.58
2026-06-04 22:26:35.753,867,1,100.00,25.23
2026-06-04 22:26:35.786,868,1,100.00,24.68
2026-06-04 22:26:35.815,869,1,100.00,27.70
2026-06-04 22:26:35.841,870,1,100.00,22.76
2026-06-04 22:26:35.866,871,1,100.00,24.60
2026-06-04 22:26:35.916,872,1,99.99,31.47
2026-06-04 22:26:35.958,873,1,99.98,25.42
2026-06-04 22:26:35.987,874,1,99.98,24.02
2026-06-04 22:26:36.018,875,1,99.99,27.71
2026-06-04 22:26:36.054,876,1,99.99,31.22
2026-06-04 22:26:36.081,877,1,100.00,23.69
2026-06-04 22:26:36.114,878,1,100.00,25.35
2026-06-04 22:26:36.150,879,1,100.00,33.23
2026-06-04 22:26:36.176,880,1,100.00,23.08
2026-06-04 22:26:36.204,881,1,100.00,25.63
2026-06-04 22:26:36.238,882,1,100.00,23.21
2026-06-04 22:26:36.270,883,1,99.83,25.40
2026-06-04 22:26:36.298,884,1,100.00,25.10
2026-06-04 22:26:36.331,885,1,100.00,23.38
2026-06-04 22:26:36.361,886,1,100.00,21.60
2026-06-04 22:26:36.393,887,1,100.00,23.08
2026-06-04 22:26:36.426,888,1,100.00,24.16
2026-06-04 22:26:36.457,889,1,100.00,24.73
2026-06-04 22:26:36.486,890,1,100.00,22.66
2026-06-04 22:26:36.518,891,1,100.00,23.34
2026-06-04 22:26:36.546,892,1,100.00,24.46
2026-06-04 22:26:36.582,893,1,100.00,25.17
2026-06-04 22:26:36.609,894,1,100.00,24.63
2026-06-04 22:26:36.644,895,1,99.82,25.20
2026-06-04 22:26:36.673,896,1,99.82,22.75
2026-06-04 22:26:36.701,897,1,100.00,24.46
2026-06-04 22:26:36.737,898,1,100.00,24.35
2026-06-04 22:26:36.765,899,1,100.00,22.47
2026-06-04 22:26:36.792,900,1,100.00,23.70
2026-06-04 22:26:36.817,901,1,100.00,23.73
2026-06-04 22:26:36.843,902,1,100.00,21.64
2026-06-04 22:26:36.876,903,0,85.81,24.74
2026-06-04 22:26:36.906,904,1,100.00,22.96
2026-06-04 22:26:36.938,905,1,100.00,22.72
2026-06-04 22:26:36.970,906,1,99.55,23.90
2026-06-04 22:26:37.002,907,1,100.00,24.79
2026-06-04 22:26:37.032,908,1,100.00,23.83
2026-06-04 22:26:37.063,909,1,100.00,24.03
2026-06-04 22:26:37.088,910,1,100.00,22.75
2026-06-04 22:26:37.126,911,1,100.00,24.14
2026-06-04 22:26:37.159,912,1,100.00,26.36
2026-06-04 22:26:37.187,913,1,100.00,23.50
2026-06-04 22:26:37.218,914,1,100.00,22.82
2026-06-04 22:26:37.248,915,1,100.00,22.13
2026-06-04 22:26:37.282,916,1,100.00,24.64
2026-06-04 22:26:37.311,917,1,100.00,23.09
2026-06-04 22:26:37.341,918,1,100.00,22.08
2026-06-04 22:26:37.375,919,1,100.00,24.67
2026-06-04 22:26:37.407,920,1,99.77,25.19
2026-06-04 22:26:37.437,921,1,99.77,24.25
2026-06-04 22:26:37.460,922,1,99.88,23.03
2026-06-04 22:26:37.485,923,1,99.88,21.51
2026-06-04 22:26:37.515,924,1,72.59,24.91
2026-06-04 22:26:37.543,925,0,99.62,22.36
2026-06-04 22:26:37.577,926,0,99.62,25.73
2026-06-04 22:26:37.605,927,0,94.88,24.27
2026-06-04 22:26:37.636,928,0,94.88,23.44
2026-06-04 22:26:37.660,929,0,99.88,23.71
2026-06-04 22:26:37.696,930,0,99.99,22.16
2026-06-04 22:26:37.731,931,0,99.99,26.10
2026-06-04 22:26:37.758,932,0,100.00,22.55
2026-06-04 22:26:37.789,933,0,100.00,21.98
2026-06-04 22:26:37.821,934,0,100.00,23.52
2026-06-04 22:26:37.851,935,0,99.98,24.75
2026-06-04 22:26:37.873,936,0,100.00,21.81
2026-06-04 22:26:37.901,937,0,100.00,23.91
2026-06-04 22:26:37.933,938,0,100.00,24.43
2026-06-04 22:26:37.961,939,0,99.99,22.77
2026-06-04 22:26:37.988,940,0,99.99,24.13
2026-06-04 22:26:38.026,941,0,99.94,24.18
2026-06-04 22:26:38.053,942,0,99.96,25.73
2026-06-04 22:26:38.088,943,0,99.96,25.00
2026-06-04 22:26:38.116,944,0,100.00,22.31
2026-06-04 22:26:38.151,945,0,99.98,25.08
2026-06-04 22:26:38.176,946,0,99.98,22.72
2026-06-04 22:26:38.210,947,0,100.00,22.91
2026-06-04 22:26:38.237,948,0,100.00,24.38
2026-06-04 22:26:38.272,949,0,100.00,23.84
2026-06-04 22:26:38.299,950,0,100.00,23.29
2026-06-04 22:26:38.335,951,0,100.00,24.34
2026-06-04 22:26:38.365,952,0,100.00,22.31
2026-06-04 22:26:38.397,953,0,100.00,22.94
2026-06-04 22:26:38.421,954,0,100.00,23.24
2026-06-04 22:26:38.459,955,0,100.00,22.40
2026-06-04 22:26:38.492,956,0,100.00,23.63
2026-06-04 22:26:38.523,957,0,100.00,23.85
2026-06-04 22:26:38.552,958,0,100.00,22.11
2026-06-04 22:26:38.578,959,0,100.00,23.28
2026-06-04 22:26:38.618,960,0,100.00,25.33
2026-06-04 22:26:38.646,961,0,100.00,24.54
2026-06-04 22:26:38.678,962,0,100.00,22.64
2026-06-04 22:26:38.711,963,0,100.00,24.95
2026-06-04 22:26:38.739,964,0,100.00,24.04
2026-06-04 22:26:38.763,965,0,100.00,22.96
2026-06-04 22:26:38.790,966,0,100.00,24.44
2026-06-04 22:26:38.820,967,0,100.00,24.59
2026-06-04 22:26:38.848,968,0,100.00,21.86
2026-06-04 22:26:38.881,969,0,100.00,23.21
2026-06-04 22:26:38.916,970,0,100.00,26.81
2026-06-04 22:26:38.943,971,0,100.00,23.21
2026-06-04 22:26:38.973,972,0,100.00,22.79
2026-06-04 22:26:39.006,973,0,100.00,24.71
2026-06-04 22:26:39.033,974,0,100.00,24.24
2026-06-04 22:26:39.068,975,0,100.00,22.46
2026-06-04 22:26:39.101,976,0,100.00,24.15
2026-06-04 22:26:39.131,977,0,100.00,23.84
2026-06-04 22:26:39.163,978,0,100.00,24.05
2026-06-04 22:26:39.190,979,0,100.00,24.27
2026-06-04 22:26:39.227,980,0,100.00,25.76
2026-06-04 22:26:39.253,981,0,100.00,24.67
2026-06-04 22:26:39.281,982,0,100.00,24.56
2026-06-04 22:26:39.319,983,0,100.00,24.57
2026-06-04 22:26:39.349,984,0,100.00,22.97
2026-06-04 22:26:39.377,985,0,100.00,24.98
2026-06-04 22:26:39.412,986,0,100.00,23.85
2026-06-04 22:26:39.439,987,0,100.00,22.95
2026-06-04 22:26:39.476,988,0,100.00,24.72
2026-06-04 22:26:39.504,989,0,100.00,22.30
2026-06-04 22:26:39.531,990,0,100.00,23.45
2026-06-04 22:26:39.568,991,0,100.00,23.86
2026-06-04 22:26:39.597,992,0,100.00,22.06
2026-06-04 22:26:39.632,993,0,100.00,25.82
2026-06-04 22:26:39.662,994,0,100.00,23.75
2026-06-04 22:26:39.693,995,0,100.00,22.92
2026-06-04 22:26:39.725,996,0,100.00,23.93
2026-06-04 22:26:39.759,997,0,100.00,25.78
2026-06-04 22:26:39.787,998,0,100.00,22.30
2026-06-04 22:26:39.819,999,0,100.00,22.63
2026-06-04 22:26:39.851,1000,0,100.00,23.46
2026-06-04 22:26:39.881,1001,0,100.00,22.37
2026-06-04 22:26:39.915,1002,0,100.00,25.00
2026-06-04 22:26:39.944,1003,0,100.00,23.92
2026-06-04 22:26:39.969,1004,0,100.00,21.38
2026-06-04 22:26:40.008,1005,0,100.00,24.62
2026-06-04 22:26:40.035,1006,0,100.00,24.71
2026-06-04 22:26:40.068,1007,0,100.00,22.14
2026-06-04 22:26:40.096,1008,0,100.00,25.38
2026-06-04 22:26:40.131,1009,0,100.00,22.86
2026-06-04 22:26:40.163,1010,0,100.00,25.31
2026-06-04 22:26:40.195,1011,0,100.00,26.09
2026-06-04 22:26:40.224,1012,0,100.00,26.60
2026-06-04 22:26:40.253,1013,0,100.00,20.89
2026-06-04 22:26:40.291,1014,0,100.00,27.57
2026-06-04 22:26:40.319,1015,0,100.00,25.61
2026-06-04 22:26:40.348,1016,0,100.00,21.87
2026-06-04 22:26:40.382,1017,0,100.00,23.95
2026-06-04 22:26:40.415,1018,0,100.00,25.35
2026-06-04 22:26:40.445,1019,0,100.00,23.13
2026-06-04 22:26:40.475,1020,0,100.00,25.76
2026-06-04 22:26:40.508,1021,0,100.00,24.46
2026-06-04 22:26:40.536,1022,0,100.00,24.85
2026-06-04 22:26:40.570,1023,0,100.00,24.42
2026-06-04 22:26:40.601,1024,0,100.00,24.72
2026-06-04 22:26:40.628,1025,0,100.00,23.25
2026-06-04 22:26:40.661,1026,0,100.00,22.93
2026-06-04 22:26:40.695,1027,0,100.00,24.82
2026-06-04 22:26:40.721,1028,0,100.00,24.17
2026-06-04 22:26:40.757,1029,0,100.00,24.18
2026-06-04 22:26:40.786,1030,0,100.00,22.55
2026-06-04 22:26:40.819,1031,0,100.00,24.64
2026-06-04 22:26:40.850,1032,0,100.00,23.75
2026-06-04 22:26:40.881,1033,0,100.00,23.05
2026-06-04 22:26:40.915,1034,0,100.00,26.28
2026-06-04 22:26:40.942,1035,0,100.00,21.78
2026-06-04 22:26:40.974,1036,0,100.00,22.72
2026-06-04 22:26:41.007,1037,0,100.00,24.19
2026-06-04 22:26:41.035,1038,0,100.00,21.83
2026-06-04 22:26:41.068,1039,0,100.00,24.08
2026-06-04 22:26:41.098,1040,0,100.00,22.78
2026-06-04 22:26:41.130,1041,0,100.00,22.71
2026-06-04 22:26:41.161,1042,0,100.00,22.96
2026-06-04 22:26:41.192,1043,0,100.00,23.12
2026-06-04 22:26:41.218,1044,0,100.00,22.73
2026-06-04 22:26:41.260,1045,0,100.00,27.41
2026-06-04 22:26:41.287,1046,0,100.00,23.87
2026-06-04 22:26:41.315,1047,0,100.00,24.37
2026-06-04 22:26:41.351,1048,0,100.00,23.04
2026-06-04 22:26:41.381,1049,0,100.00,21.94
2026-06-04 22:26:41.413,1050,0,100.00,23.57
2026-06-04 22:26:41.445,1051,0,100.00,24.01
2026-06-04 22:26:41.475,1052,0,100.00,23.41
2026-06-04 22:26:41.507,1053,0,100.00,25.07
2026-06-04 22:26:41.533,1054,0,100.00,21.74
2026-06-04 22:26:41.569,1055,0,100.00,22.26
2026-06-04 22:26:41.602,1056,0,100.00,24.29
2026-06-04 22:26:41.629,1057,0,100.00,23.22
2026-06-04 22:26:41.666,1058,0,100.00,24.64
2026-06-04 22:26:41.698,1059,0,100.00,26.11
2026-06-04 22:26:41.727,1060,0,100.00,24.04
2026-06-04 22:26:41.759,1061,0,100.00,24.49
2026-06-04 22:26:41.790,1062,0,100.00,23.64
2026-06-04 22:26:41.818,1063,0,100.00,21.05
2026-06-04 22:26:41.851,1064,0,100.00,22.88
2026-06-04 22:26:41.881,1065,0,100.00,22.26
2026-06-04 22:26:41.914,1066,0,100.00,24.72
2026-06-04 22:26:41.941,1067,0,100.00,22.93
2026-06-04 22:26:41.968,1068,0,100.00,23.87
2026-06-04 22:26:42.008,1069,0,100.00,23.41
2026-06-04 22:26:42.033,1070,0,100.00,23.25
2026-06-04 22:26:42.071,1071,0,100.00,24.08
2026-06-04 22:26:42.103,1072,0,100.00,25.15
2026-06-04 22:26:42.133,1073,0,96.32,23.22
2026-06-04 22:26:42.159,1074,0,96.32,23.81
2026-06-04 22:26:42.193,1075,0,99.97,22.14
2026-06-04 22:26:42.226,1076,0,100.00,23.42
2026-06-04 22:26:42.258,1077,0,100.00,25.23
2026-06-04 22:26:42.286,1078,0,99.99,22.22
2026-06-04 22:26:42.320,1079,0,99.99,25.47
2026-06-04 22:26:42.351,1080,0,100.00,26.22
2026-06-04 22:26:42.377,1081,0,100.00,22.00
2026-06-04 22:26:42.412,1082,0,100.00,25.64
2026-06-04 22:26:42.443,1083,0,100.00,24.32
2026-06-04 22:26:42.470,1084,0,100.00,23.10
2026-06-04 22:26:42.504,1085,0,100.00,23.52
2026-06-04 22:26:42.529,1086,0,100.00,23.07
2026-06-04 22:26:42.553,1087,0,100.00,23.80
2026-06-04 22:26:42.584,1088,0,100.00,23.28
2026-06-04 22:26:42.608,1089,0,100.00,22.47
2026-06-04 22:26:42.633,1090,0,100.00,24.19
2026-06-04 22:26:42.659,1091,0,100.00,24.88
2026-06-04 22:26:42.684,1092,0,100.00,23.41
2026-06-04 22:26:42.723,1093,0,100.00,22.56
2026-06-04 22:26:42.749,1094,0,100.00,24.38
2026-06-04 22:26:42.788,1095,0,100.00,24.15
2026-06-04 22:26:42.813,1096,0,100.00,25.18
2026-06-04 22:26:42.838,1097,0,100.00,23.69
2026-06-04 22:26:42.860,1098,0,100.00,21.73
2026-06-04 22:26:42.883,1099,0,99.98,21.55
2026-06-04 22:26:42.909,1100,0,99.98,22.10
2026-06-04 22:26:42.934,1101,0,69.44,22.29
2026-06-04 22:26:42.959,1102,1,65.07,23.23
2026-06-04 22:26:42.985,1103,0,99.27,24.24
2026-06-04 22:26:43.009,1104,1,61.42,23.56
2026-06-04 22:26:43.040,1105,1,99.06,27.05
2026-06-04 22:26:43.062,1106,1,99.24,22.06
2026-06-04 22:26:43.091,1107,1,93.82,27.66
2026-06-04 22:26:43.115,1108,1,98.07,21.41
2026-06-04 22:26:43.144,1109,1,99.99,23.32
2026-06-04 22:26:43.174,1110,1,99.74,27.25
2026-06-04 22:26:43.201,1111,1,99.91,23.33
2026-06-04 22:26:43.230,1112,1,99.98,27.00
2026-06-04 22:26:43.270,1113,1,100.00,39.15
2026-06-04 22:26:43.294,1114,1,100.00,22.65
2026-06-04 22:26:43.319,1115,1,100.00,24.32
2026-06-04 22:26:43.353,1116,1,100.00,30.79
2026-06-04 22:26:43.378,1117,1,100.00,21.59
2026-06-04 22:26:43.421,1118,1,100.00,35.82
2026-06-04 22:26:43.451,1119,1,100.00,29.19
2026-06-04 22:26:43.476,1120,1,100.00,24.07
2026-06-04 22:26:43.501,1121,1,100.00,23.14
2026-06-04 22:26:43.535,1122,1,100.00,23.36
2026-06-04 22:26:43.562,1123,1,100.00,22.58
2026-06-04 22:26:43.598,1124,1,100.00,23.17
2026-06-04 22:26:43.630,1125,1,100.00,24.72
2026-06-04 22:26:43.657,1126,1,99.91,23.64
2026-06-04 22:26:43.694,1127,1,99.91,24.59
2026-06-04 22:26:43.722,1128,1,100.00,22.48
2026-06-04 22:26:43.753,1129,1,100.00,22.05
2026-06-04 22:26:43.785,1130,1,100.00,23.12
2026-06-04 22:26:43.818,1131,1,100.00,24.11
2026-06-04 22:26:43.850,1132,1,100.00,24.74
2026-06-04 22:26:43.880,1133,1,100.00,23.63
2026-06-04 22:26:43.903,1134,1,100.00,20.92
2026-06-04 22:26:43.945,1135,1,100.00,25.80
2026-06-04 22:26:43.974,1136,1,100.00,24.32
2026-06-04 22:26:44.001,1137,1,100.00,23.40
2026-06-04 22:26:44.038,1138,1,100.00,25.40
2026-06-04 22:26:44.063,1139,1,100.00,21.75
2026-06-04 22:26:44.099,1140,1,100.00,25.24
2026-06-04 22:26:44.126,1141,1,100.00,21.74
2026-06-04 22:26:44.154,1142,1,100.00,24.16
2026-06-04 22:26:44.189,1143,1,100.00,23.76
2026-06-04 22:26:44.217,1144,1,100.00,23.10
2026-06-04 22:26:44.253,1145,1,100.00,23.85
2026-06-04 22:26:44.285,1146,1,100.00,25.55
2026-06-04 22:26:44.313,1147,1,100.00,22.73
2026-06-04 22:26:44.346,1148,1,100.00,24.77
2026-06-04 22:26:44.379,1149,1,100.00,26.45
2026-06-04 22:26:44.405,1150,1,100.00,20.60
2026-06-04 22:26:44.439,1151,1,100.00,23.97
2026-06-04 22:26:44.468,1152,1,100.00,25.05
2026-06-04 22:26:44.493,1153,1,100.00,21.92
2026-06-04 22:26:44.533,1154,1,100.00,24.71
2026-06-04 22:26:44.565,1155,1,100.00,24.71
2026-06-04 22:26:44.597,1156,1,100.00,25.82
2026-06-04 22:26:44.623,1157,1,100.00,22.70
2026-06-04 22:26:44.659,1158,1,100.00,25.35
2026-06-04 22:26:44.688,1159,1,100.00,23.84
2026-06-04 22:26:44.719,1160,1,100.00,23.36
2026-06-04 22:26:44.751,1161,1,100.00,24.44
2026-06-04 22:26:44.783,1162,1,100.00,25.73
2026-06-04 22:26:44.813,1163,1,100.00,23.67
2026-06-04 22:26:44.845,1164,1,100.00,24.95
2026-06-04 22:26:44.877,1165,1,100.00,25.73
2026-06-04 22:26:44.906,1166,1,100.00,23.10
2026-06-04 22:26:44.938,1167,1,100.00,23.46
2026-06-04 22:26:44.963,1168,1,100.00,23.58
2026-06-04 22:26:44.989,1169,1,100.00,24.75
2026-06-04 22:26:45.013,1170,1,100.00,20.95
2026-06-04 22:26:45.047,1171,1,100.00,24.00
2026-06-04 22:26:45.081,1172,1,100.00,26.28
2026-06-04 22:26:45.108,1173,1,100.00,24.25
2026-06-04 22:26:45.131,1174,1,100.00,23.05
2026-06-04 22:26:45.173,1175,1,100.00,24.08
2026-06-04 22:26:45.198,1176,1,100.00,22.12
2026-06-04 22:26:45.239,1177,1,100.00,26.15
2026-06-04 22:26:45.265,1178,1,100.00,22.47
2026-06-04 22:26:45.290,1179,1,100.00,23.60
2026-06-04 22:26:45.328,1180,1,100.00,23.32
2026-06-04 22:26:45.359,1181,1,100.00,23.69
2026-06-04 22:26:45.390,1182,1,100.00,23.60
2026-06-04 22:26:45.417,1183,1,100.00,25.59
2026-06-04 22:26:45.451,1184,1,100.00,23.17
2026-06-04 22:26:45.483,1185,1,100.00,23.58
2026-06-04 22:26:45.513,1186,1,100.00,23.57
2026-06-04 22:26:45.543,1187,1,100.00,22.55
2026-06-04 22:26:45.569,1188,1,100.00,24.40
2026-06-04 22:26:45.608,1189,1,100.00,24.54
2026-06-04 22:26:45.639,1190,1,100.00,24.40
2026-06-04 22:26:45.669,1191,1,100.00,23.68
2026-06-04 22:26:45.693,1192,1,100.00,23.04
2026-06-04 22:26:45.741,1193,1,100.00,31.94
2026-06-04 22:26:45.779,1194,1,100.00,23.78
2026-06-04 22:26:45.804,1195,1,100.00,21.21
2026-06-04 22:26:45.828,1196,1,100.00,22.92
2026-06-04 22:26:45.861,1197,1,100.00,26.12
2026-06-04 22:26:45.888,1198,1,100.00,22.94
2026-06-04 22:26:45.920,1199,1,100.00,22.55
2026-06-04 22:26:45.953,1200,1,100.00,24.37
2026-06-04 22:26:45.981,1201,1,100.00,20.83
2026-06-04 22:26:46.010,1202,1,100.00,23.73
2026-06-04 22:26:46.046,1203,1,100.00,22.92
2026-06-04 22:26:46.075,1204,1,100.00,21.07
2026-06-04 22:26:46.108,1205,1,100.00,23.76
2026-06-04 22:26:46.140,1206,1,100.00,24.17
2026-06-04 22:26:46.169,1207,1,100.00,22.51
2026-06-04 22:26:46.198,1208,1,100.00,24.97
2026-06-04 22:26:46.233,1209,1,100.00,23.97
2026-06-04 22:26:46.265,1210,1,100.00,24.65
2026-06-04 22:26:46.289,1211,1,100.00,21.59
2026-06-04 22:26:46.335,1212,1,100.00,33.11
2026-06-04 22:26:46.361,1213,1,100.00,24.04
2026-06-04 22:26:46.387,1214,1,100.00,21.76
2026-06-04 22:26:46.410,1215,1,100.00,21.34
2026-06-04 22:26:46.438,1216,1,100.00,26.74
2026-06-04 22:26:46.462,1217,1,100.00,23.19
2026-06-04 22:26:46.485,1218,1,100.00,22.77
2026-06-04 22:26:46.513,1219,1,100.00,23.21
2026-06-04 22:26:46.537,1220,1,100.00,23.43
2026-06-04 22:26:46.562,1221,1,100.00,24.68
2026-06-04 22:26:46.588,1222,1,100.00,24.96
2026-06-04 22:26:46.621,1223,1,100.00,22.59
2026-06-04 22:26:46.645,1224,1,100.00,22.81
2026-06-04 22:26:46.670,1225,1,100.00,23.80
2026-06-04 22:26:46.693,1226,1,100.00,22.22
2026-06-04 22:26:46.720,1227,1,100.00,25.55
2026-06-04 22:26:46.763,1228,1,100.00,24.51
2026-06-04 22:26:46.787,1229,1,100.00,22.50
2026-06-04 22:26:46.825,1230,1,100.00,23.47
2026-06-04 22:26:46.856,1231,1,100.00,24.00
2026-06-04 22:26:46.888,1232,1,100.00,23.96
2026-06-04 22:26:46.919,1233,1,100.00,24.50
2026-06-04 22:26:46.947,1234,1,100.00,24.22
2026-06-04 22:26:46.983,1235,1,100.00,24.92
2026-06-04 22:26:47.013,1236,1,100.00,23.09
2026-06-04 22:26:47.040,1237,1,100.00,23.31
2026-06-04 22:26:47.074,1238,1,100.00,22.94
2026-06-04 22:26:47.099,1239,1,100.00,21.78
2026-06-04 22:26:47.136,1240,1,100.00,22.95
2026-06-04 22:26:47.167,1241,1,100.00,22.55
2026-06-04 22:26:47.192,1242,1,100.00,22.13
2026-06-04 22:26:47.232,1243,1,100.00,23.95
2026-06-04 22:26:47.266,1244,1,100.00,26.14
2026-06-04 22:26:47.293,1245,1,100.00,22.58
2026-06-04 22:26:47.326,1246,1,100.00,24.60
2026-06-04 22:26:47.356,1247,1,100.00,22.85
2026-06-04 22:26:47.383,1248,1,100.00,20.93
2026-06-04 22:26:47.412,1249,1,100.00,24.15
2026-06-04 22:26:47.438,1250,1,100.00,22.96
2026-06-04 22:26:47.465,1251,1,100.00,23.85
2026-06-04 22:26:47.491,1252,1,100.00,23.24
2026-06-04 22:26:47.528,1253,1,100.00,25.17
2026-06-04 22:26:47.559,1254,1,100.00,24.73
2026-06-04 22:26:47.587,1255,1,100.00,24.17
2026-06-04 22:26:47.623,1256,1,100.00,24.48
2026-06-04 22:26:47.651,1257,1,100.00,22.06
2026-06-04 22:26:47.679,1258,1,100.00,24.51
2026-06-04 22:26:47.715,1259,1,100.00,22.41
2026-06-04 22:26:47.747,1260,1,100.00,24.12
2026-06-04 22:26:47.780,1261,1,100.00,24.66
2026-06-04 22:26:47.809,1262,1,100.00,22.76
2026-06-04 22:26:47.837,1263,1,100.00,24.60
2026-06-04 22:26:47.874,1264,1,100.00,24.82
2026-06-04 22:26:47.900,1265,1,100.00,23.31
2026-06-04 22:26:47.934,1266,1,100.00,23.42
2026-06-04 22:26:47.967,1267,1,100.00,26.32
2026-06-04 22:26:47.996,1268,1,100.00,24.60
2026-06-04 22:26:48.028,1269,1,100.00,24.15
2026-06-04 22:26:48.062,1270,1,100.00,27.54
2026-06-04 22:26:48.092,1271,1,100.00,25.84
2026-06-04 22:26:48.122,1272,1,100.00,24.45
2026-06-04 22:26:48.161,1273,1,100.00,31.30
2026-06-04 22:26:48.208,1274,1,100.00,31.27
2026-06-04 22:26:48.247,1275,1,100.00,23.71
2026-06-04 22:26:48.281,1276,1,100.00,26.28
2026-06-04 22:26:48.309,1277,1,100.00,25.13
2026-06-04 22:26:48.338,1278,1,100.00,26.40
2026-06-04 22:26:48.385,1279,0,99.92,36.06
2026-06-04 22:26:48.424,1280,0,99.87,28.12
2026-06-04 22:26:48.460,1281,1,99.67,33.35
2026-06-04 22:26:48.501,1282,1,100.00,27.21
2026-06-04 22:26:48.525,1283,1,100.00,20.46
2026-06-04 22:26:48.560,1284,1,99.99,24.55
2026-06-04 22:26:48.591,1285,1,100.00,24.60
2026-06-04 22:26:48.620,1286,1,100.00,23.16
2026-06-04 22:26:48.652,1287,1,100.00,23.30
2026-06-04 22:26:48.682,1288,1,100.00,23.92
2026-06-04 22:26:48.713,1289,1,100.00,23.10
2026-06-04 22:26:48.743,1290,1,100.00,22.57
2026-06-04 22:26:48.779,1291,1,100.00,26.35
2026-06-04 22:26:48.810,1292,1,100.00,27.09
2026-06-04 22:26:48.835,1293,1,100.00,22.15
2026-06-04 22:26:48.871,1294,1,99.94,25.33
2026-06-04 22:26:48.897,1295,1,99.81,22.99
2026-06-04 22:26:48.932,1296,1,99.81,23.65
2026-06-04 22:26:48.959,1297,1,100.00,23.93
2026-06-04 22:26:48.996,1298,1,100.00,25.39
2026-06-04 22:26:49.022,1299,1,100.00,21.95
2026-06-04 22:26:49.060,1300,1,100.00,25.35
2026-06-04 22:26:49.091,1301,1,100.00,23.71
2026-06-04 22:26:49.121,1302,1,100.00,22.95
2026-06-04 22:26:49.150,1303,1,100.00,25.60
2026-06-04 22:26:49.182,1304,1,100.00,22.32
2026-06-04 22:26:49.215,1305,1,90.25,24.18
2026-06-04 22:26:49.251,1306,1,99.99,27.98
2026-06-04 22:26:49.279,1307,1,99.99,25.64
2026-06-04 22:26:49.306,1308,1,100.00,22.51
2026-06-04 22:26:49.331,1309,1,100.00,22.44
2026-06-04 22:26:49.371,1310,1,100.00,25.32
2026-06-04 22:26:49.398,1311,1,100.00,21.79
2026-06-04 22:26:49.425,1312,1,100.00,24.22
2026-06-04 22:26:49.463,1313,1,100.00,24.42
2026-06-04 22:26:49.493,1314,1,99.99,22.56
2026-06-04 22:26:49.520,1315,1,99.99,23.73
2026-06-04 22:26:49.556,1316,1,100.00,22.27
2026-06-04 22:26:49.583,1317,1,100.00,23.37
2026-06-04 22:26:49.620,1318,1,96.73,22.93
2026-06-04 22:26:49.645,1319,1,100.00,22.15
2026-06-04 22:26:49.681,1320,1,100.00,21.74
2026-06-04 22:26:49.715,1321,1,100.00,25.30
2026-06-04 22:26:49.744,1322,1,100.00,22.95
2026-06-04 22:26:49.774,1323,1,100.00,22.71
2026-06-04 22:26:49.807,1324,1,84.00,24.84
2026-06-04 22:26:49.833,1325,1,100.00,23.16
2026-06-04 22:26:49.857,1326,1,100.00,22.91
2026-06-04 22:26:49.897,1327,1,83.74,22.52
2026-06-04 22:26:49.925,1328,1,100.00,24.46
2026-06-04 22:26:49.963,1329,1,100.00,24.65
2026-06-04 22:26:49.993,1330,1,97.99,22.41
2026-06-04 22:26:50.021,1331,1,97.99,25.11
2026-06-04 22:26:50.059,1332,1,100.00,24.05
2026-06-04 22:26:50.089,1333,1,100.00,23.78
2026-06-04 22:26:50.120,1334,1,100.00,23.87
2026-06-04 22:26:50.153,1335,1,100.00,25.40
2026-06-04 22:26:50.181,1336,1,100.00,24.56
2026-06-04 22:26:50.205,1337,0,99.97,22.67
2026-06-04 22:26:50.245,1338,0,99.99,26.34
2026-06-04 22:26:50.275,1339,0,99.99,25.43
2026-06-04 22:26:50.304,1340,0,100.00,23.37
2026-06-04 22:26:50.339,1341,0,99.98,26.42
2026-06-04 22:26:50.365,1342,0,99.98,22.45
2026-06-04 22:26:50.389,1343,0,100.00,22.37
2026-06-04 22:26:50.417,1344,0,100.00,24.28
2026-06-04 22:26:50.447,1345,0,98.43,25.72
2026-06-04 22:26:50.473,1346,0,99.16,22.96
2026-06-04 22:26:50.508,1347,0,99.16,23.26
2026-06-04 22:26:50.535,1348,0,99.16,24.41
2026-06-04 22:26:50.572,1349,0,100.00,25.88
2026-06-04 22:26:50.602,1350,0,100.00,23.71
2026-06-04 22:26:50.633,1351,0,99.97,24.34
2026-06-04 22:26:50.663,1352,0,99.97,23.06
2026-06-04 22:26:50.696,1353,0,100.00,25.33
2026-06-04 22:26:50.723,1354,0,100.00,24.00
2026-06-04 22:26:50.756,1355,0,100.00,21.68
2026-06-04 22:26:50.790,1356,0,100.00,24.00
2026-06-04 22:26:50.818,1357,0,100.00,24.32
2026-06-04 22:26:50.853,1358,0,99.97,25.15
2026-06-04 22:26:50.881,1359,1,98.74,22.26
2026-06-04 22:26:50.915,1360,1,98.74,24.00
2026-06-04 22:26:50.947,1361,0,71.55,24.08
2026-06-04 22:26:50.973,1362,0,71.55,22.59
2026-06-04 22:26:51.008,1363,0,100.00,23.40
2026-06-04 22:26:51.037,1364,0,100.00,25.56
2026-06-04 22:26:51.070,1365,0,100.00,23.50
2026-06-04 22:26:51.102,1366,0,100.00,23.25
2026-06-04 22:26:51.134,1367,0,100.00,23.88
2026-06-04 22:26:51.165,1368,0,100.00,23.75
2026-06-04 22:26:51.197,1369,0,100.00,23.84
2026-06-04 22:26:51.228,1370,0,100.00,23.85
2026-06-04 22:26:51.258,1371,0,100.00,23.08
2026-06-04 22:26:51.289,1372,0,77.13,23.71
2026-06-04 22:26:51.318,1373,0,98.48,25.07
2026-06-04 22:26:51.354,1374,0,98.48,25.27
2026-06-04 22:26:51.381,1375,0,100.00,21.77
2026-06-04 22:26:51.416,1376,0,100.00,25.35
2026-06-04 22:26:51.447,1377,0,100.00,25.78
2026-06-04 22:26:51.474,1378,0,100.00,23.69
2026-06-04 22:26:51.514,1379,0,100.00,30.11
2026-06-04 22:26:51.557,1380,0,99.99,26.04
2026-06-04 22:26:51.585,1381,0,99.96,23.68
2026-06-04 22:26:51.615,1382,0,99.96,22.78
2026-06-04 22:26:51.649,1383,1,63.99,23.95
2026-06-04 22:26:51.678,1384,0,92.97,21.75
2026-06-04 22:26:51.710,1385,0,92.97,24.68
2026-06-04 22:26:51.740,1386,0,100.00,23.20
2026-06-04 22:26:51.769,1387,0,99.94,22.05
2026-06-04 22:26:51.803,1388,0,99.94,25.50
2026-06-04 22:26:51.831,1389,0,100.00,22.43
2026-06-04 22:26:51.863,1390,0,100.00,22.65
2026-06-04 22:26:51.890,1391,0,100.00,24.99
2026-06-04 22:26:51.926,1392,0,100.00,23.43
2026-06-04 22:26:51.958,1393,0,100.00,25.15
2026-06-04 22:26:51.990,1394,0,100.00,25.06
2026-06-04 22:26:52.018,1395,0,100.00,25.00
2026-06-04 22:26:52.049,1396,0,100.00,22.66
2026-06-04 22:26:52.081,1397,0,100.00,23.92
2026-06-04 22:26:52.109,1398,0,100.00,23.52
2026-06-04 22:26:52.144,1399,0,100.00,23.60
2026-06-04 22:26:52.176,1400,0,100.00,24.55
2026-06-04 22:26:52.209,1401,0,100.00,26.17
2026-06-04 22:26:52.237,1402,0,100.00,22.22
2026-06-04 22:26:52.265,1403,0,100.00,24.26
2026-06-04 22:26:52.301,1404,0,100.00,24.30
2026-06-04 22:26:52.331,1405,0,100.00,22.89
2026-06-04 22:26:52.362,1406,0,100.00,22.93
2026-06-04 22:26:52.393,1407,0,50.24,23.22
2026-06-04 22:26:52.420,1408,0,50.24,23.16
2026-06-04 22:26:52.460,1409,0,100.00,25.72
2026-06-04 22:26:52.490,1410,1,99.61,23.12
2026-06-04 22:26:52.521,1411,1,100.00,23.56
2026-06-04 22:26:52.553,1412,1,100.00,23.54
2026-06-04 22:26:52.584,1413,1,100.00,23.63
2026-06-04 22:26:52.609,1414,1,100.00,21.99
2026-06-04 22:26:52.647,1415,1,100.00,24.00
2026-06-04 22:26:52.678,1416,1,100.00,23.68
2026-06-04 22:26:52.707,1417,1,100.00,25.98
2026-06-04 22:26:52.741,1418,1,100.00,24.42
2026-06-04 22:26:52.769,1419,1,100.00,24.47
2026-06-04 22:26:52.796,1420,1,100.00,24.42
2026-06-04 22:26:52.836,1421,1,100.00,24.02
2026-06-04 22:26:52.866,1422,1,100.00,25.61
2026-06-04 22:26:52.896,1423,1,100.00,21.81
2026-06-04 22:26:52.924,1424,1,100.00,24.18
2026-06-04 22:26:52.960,1425,1,100.00,23.24
2026-06-04 22:26:52.991,1426,1,100.00,23.67
2026-06-04 22:26:53.021,1427,1,100.00,23.41
2026-06-04 22:26:53.053,1428,1,100.00,24.60
2026-06-04 22:26:53.083,1429,1,100.00,23.11
2026-06-04 22:26:53.116,1430,1,100.00,24.46
2026-06-04 22:26:53.147,1431,1,100.00,24.27
2026-06-04 22:26:53.176,1432,1,100.00,21.96
2026-06-04 22:26:53.204,1433,1,100.00,24.17
2026-06-04 22:26:53.241,1434,1,100.00,24.63
2026-06-04 22:26:53.271,1435,1,100.00,23.20
2026-06-04 22:26:53.305,1436,1,100.00,25.68
2026-06-04 22:26:53.332,1437,1,99.98,22.05
2026-06-04 22:26:53.359,1438,1,99.98,22.92
2026-06-04 22:26:53.398,1439,1,100.00,24.02
2026-06-04 22:26:53.430,1440,1,100.00,24.09
2026-06-04 22:26:53.456,1441,1,100.00,23.49
2026-06-04 22:26:53.494,1442,1,100.00,25.85
2026-06-04 22:26:53.523,1443,1,100.00,25.04
2026-06-04 22:26:53.550,1444,1,100.00,22.74
2026-06-04 22:26:53.587,1445,1,100.00,24.88
2026-06-04 22:26:53.618,1446,1,100.00,24.85
2026-06-04 22:26:53.644,1447,1,100.00,24.20
2026-06-04 22:26:53.678,1448,1,100.00,21.05
2026-06-04 22:26:53.711,1449,1,100.00,22.25
2026-06-04 22:26:53.743,1450,1,100.00,23.23
2026-06-04 22:26:53.769,1451,1,100.00,22.68
2026-06-04 22:26:53.805,1452,1,100.00,22.15
2026-06-04 22:26:53.840,1453,1,100.00,25.02
2026-06-04 22:26:53.867,1454,1,100.00,22.91
2026-06-04 22:26:53.903,1455,1,100.00,24.09
2026-06-04 22:26:53.932,1456,1,100.00,22.41
2026-06-04 22:26:53.963,1457,1,100.00,22.46
2026-06-04 22:26:53.996,1458,1,100.00,24.58
2026-06-04 22:26:54.026,1459,1,100.00,24.83
2026-06-04 22:26:54.056,1460,1,100.00,23.32
2026-06-04 22:26:54.087,1461,1,100.00,23.64
2026-06-04 22:26:54.119,1462,1,100.00,24.22
2026-06-04 22:26:54.150,1463,1,100.00,23.45
2026-06-04 22:26:54.183,1464,1,100.00,24.84
2026-06-04 22:26:54.210,1465,1,100.00,24.13
2026-06-04 22:26:54.242,1466,1,100.00,22.74
2026-06-04 22:26:54.270,1467,1,100.00,25.36
2026-06-04 22:26:54.307,1468,1,99.83,24.85
2026-06-04 22:26:54.334,1469,1,99.83,21.34
2026-06-04 22:26:54.361,1470,1,100.00,23.43
2026-06-04 22:26:54.399,1471,1,100.00,23.93
2026-06-04 22:26:54.428,1472,1,99.92,22.35
2026-06-04 22:26:54.459,1473,1,97.48,22.34
2026-06-04 22:26:54.492,1474,1,97.48,24.47
2026-06-04 22:26:54.521,1475,1,99.28,22.19
2026-06-04 22:26:54.552,1476,1,50.26,22.35
2026-06-04 22:26:54.584,1477,1,50.26,23.19
2026-06-04 22:26:54.616,1478,0,99.99,23.19
2026-06-04 22:26:54.646,1479,0,99.99,22.45
2026-06-04 22:26:54.677,1480,0,62.74,23.08
2026-06-04 22:26:54.703,1481,0,62.74,22.61
2026-06-04 22:26:54.740,1482,1,98.73,23.32
2026-06-04 22:26:54.767,1483,1,99.99,23.82
2026-06-04 22:26:54.801,1484,1,95.33,21.27
2026-06-04 22:26:54.835,1485,1,95.33,24.94
2026-06-04 22:26:54.863,1486,1,99.97,24.34
2026-06-04 22:26:54.895,1487,1,100.00,21.75
2026-06-04 22:26:54.927,1488,1,100.00,22.65
2026-06-04 22:26:54.960,1489,1,100.00,24.61
2026-06-04 22:26:54.991,1490,1,100.00,24.30
2026-06-04 22:26:55.019,1491,1,100.00,22.09
2026-06-04 22:26:55.051,1492,1,100.00,22.50
2026-06-04 22:26:55.085,1493,1,100.00,23.27
2026-06-04 22:26:55.117,1494,1,100.00,24.52
2026-06-04 22:26:55.147,1495,1,100.00,23.19
2026-06-04 22:26:55.180,1496,1,100.00,24.66
2026-06-04 22:26:55.211,1497,1,100.00,23.80
2026-06-04 22:26:55.242,1498,1,100.00,23.89
2026-06-04 22:26:55.273,1499,1,100.00,24.61
2026-06-04 22:26:55.302,1500,1,100.00,22.34
2026-06-04 22:26:55.334,1501,1,100.00,22.64
2026-06-04 22:26:55.366,1502,1,100.00,22.67
2026-06-04 22:26:55.393,1503,1,100.00,23.89
2026-06-04 22:26:55.429,1504,1,100.00,24.02
2026-06-04 22:26:55.459,1505,1,100.00,23.34
2026-06-04 22:26:55.495,1506,1,100.00,28.31
2026-06-04 22:26:55.540,1507,1,100.00,27.22
2026-06-04 22:26:55.568,1508,1,100.00,24.13
2026-06-04 22:26:55.597,1509,1,100.00,21.98
2026-06-04 22:26:55.630,1510,1,100.00,23.80
2026-06-04 22:26:55.657,1511,1,100.00,24.08
2026-06-04 22:26:55.693,1512,1,100.00,23.43
2026-06-04 22:26:55.723,1513,1,100.00,23.51
2026-06-04 22:26:55.756,1514,1,100.00,23.88
2026-06-04 22:26:55.786,1515,1,100.00,24.14
2026-06-04 22:26:55.816,1516,1,100.00,23.20
2026-06-04 22:26:55.845,1517,1,100.00,21.90
2026-06-04 22:26:55.880,1518,1,100.00,25.10
2026-06-04 22:26:55.911,1519,1,100.00,24.68
2026-06-04 22:26:55.938,1520,1,100.00,21.19
2026-06-04 22:26:55.973,1521,1,100.00,24.23
2026-06-04 22:26:55.998,1522,1,100.00,22.46
2026-06-04 22:26:56.036,1523,1,100.00,24.32
2026-06-04 22:26:56.062,1524,1,100.00,23.04
2026-06-04 22:26:56.099,1525,1,100.00,24.58
2026-06-04 22:26:56.128,1526,1,100.00,22.40
2026-06-04 22:26:56.161,1527,1,100.00,24.28
2026-06-04 22:26:56.190,1528,1,100.00,22.33
2026-06-04 22:26:56.222,1529,1,100.00,22.95
2026-06-04 22:26:56.251,1530,1,99.99,21.36
2026-06-04 22:26:56.285,1531,1,99.99,24.23
2026-06-04 22:26:56.316,1532,0,81.89,22.81
2026-06-04 22:26:56.348,1533,1,99.95,23.91
2026-06-04 22:26:56.378,1534,1,99.95,22.84
2026-06-04 22:26:56.409,1535,1,100.00,22.47
2026-06-04 22:26:56.444,1536,1,100.00,26.02
2026-06-04 22:26:56.473,1537,1,100.00,23.09
2026-06-04 22:26:56.503,1538,1,100.00,21.52
2026-06-04 22:26:56.537,1539,1,100.00,23.97
2026-06-04 22:26:56.567,1540,1,100.00,22.25
2026-06-04 22:26:56.594,1541,0,91.21,23.68
2026-06-04 22:26:56.631,1542,0,91.21,22.79
2026-06-04 22:26:56.665,1543,1,100.00,25.78
2026-06-04 22:26:56.696,1544,0,57.94,25.08
2026-06-04 22:26:56.725,1545,0,57.94,22.65
2026-06-04 22:26:56.756,1546,1,99.99,23.27
2026-06-04 22:26:56.784,1547,1,99.99,24.61
2026-06-04 22:26:56.821,1548,1,99.90,25.80
2026-06-04 22:26:56.851,1549,1,98.48,24.29
2026-06-04 22:26:56.883,1550,1,98.48,24.86
2026-06-04 22:26:56.912,1551,1,100.00,26.86
2026-06-04 22:26:56.946,1552,1,100.00,25.61
2026-06-04 22:26:56.974,1553,1,100.00,22.86
2026-06-04 22:26:57.006,1554,1,100.00,23.15
2026-06-04 22:26:57.044,1555,1,100.00,30.65
2026-06-04 22:26:57.096,1556,1,100.00,34.94
2026-06-04 22:26:57.135,1557,1,99.99,26.95
2026-06-04 22:26:57.166,1558,1,55.49,27.55
2026-06-04 22:26:57.193,1559,1,100.00,22.74
2026-06-04 22:26:57.228,1560,1,100.00,26.08
2026-06-04 22:26:57.262,1561,1,100.00,29.04
2026-06-04 22:26:57.291,1562,1,100.00,24.08
2026-06-04 22:26:57.319,1563,1,100.00,23.26
2026-06-04 22:26:57.355,1564,1,100.00,32.81
2026-06-04 22:26:57.385,1565,1,100.00,26.11
2026-06-04 22:26:57.412,1566,1,100.00,23.38
2026-06-04 22:26:57.438,1567,1,100.00,23.30
2026-06-04 22:26:57.476,1568,1,99.74,24.72
2026-06-04 22:26:57.502,1569,1,99.99,22.97
2026-06-04 22:26:57.539,1570,1,99.99,26.09
2026-06-04 22:26:57.571,1571,1,99.97,26.04
2026-06-04 22:26:57.597,1572,1,100.00,24.07
2026-06-04 22:26:57.633,1573,1,100.00,26.38
2026-06-04 22:26:57.669,1574,1,100.00,31.76
2026-06-04 22:26:57.717,1575,1,99.68,32.16
2026-06-04 22:26:57.759,1576,1,99.01,27.80
2026-06-04 22:26:57.789,1577,1,99.01,25.55
2026-06-04 22:26:57.818,1578,1,99.99,24.10
2026-06-04 22:26:57.850,1579,1,99.81,24.63
2026-06-04 22:26:57.879,1580,1,99.81,23.67
2026-06-04 22:26:57.917,1581,1,100.00,29.61
2026-06-04 22:26:57.944,1582,1,100.00,22.62
2026-06-04 22:26:57.975,1583,0,71.04,24.50
2026-06-04 22:26:58.001,1584,1,91.56,23.20
2026-06-04 22:26:58.027,1585,1,91.56,23.69
2026-06-04 22:26:58.065,1586,1,98.79,21.78
2026-06-04 22:26:58.095,1587,1,100.00,26.08
2026-06-04 22:26:58.130,1588,1,100.00,23.18
2026-06-04 22:26:58.161,1589,1,100.00,22.45
2026-06-04 22:26:58.196,1590,1,100.00,25.04
2026-06-04 22:26:58.230,1591,1,100.00,26.84
2026-06-04 22:26:58.254,1592,1,99.99,21.23
2026-06-04 22:26:58.293,1593,1,99.99,27.37
2026-06-04 22:26:58.319,1594,1,100.00,22.51
2026-06-04 22:26:58.348,1595,1,100.00,26.11
2026-06-04 22:26:58.383,1596,1,61.13,23.56
2026-06-04 22:26:58.411,1597,1,72.94,24.28
2026-06-04 22:26:58.441,1598,1,100.00,26.49
2026-06-04 22:26:58.477,1599,1,100.00,23.66
2026-06-04 22:26:58.510,1600,1,99.99,25.42
2026-06-04 22:26:58.543,1601,1,99.99,29.86
2026-06-04 22:26:58.575,1602,1,100.00,27.09
2026-06-04 22:26:58.604,1603,1,99.75,24.77
2026-06-04 22:26:58.637,1604,1,100.00,26.37
2026-06-04 22:26:58.668,1605,1,100.00,25.76
2026-06-04 22:26:58.701,1606,1,100.00,27.68
2026-06-04 22:26:58.732,1607,1,100.00,27.12
2026-06-04 22:26:58.761,1608,1,100.00,25.10
2026-06-04 22:26:58.791,1609,1,100.00,23.82
2026-06-04 22:26:58.825,1610,1,100.00,26.53
2026-06-04 22:26:58.857,1611,1,100.00,28.70
2026-06-04 22:26:58.903,1612,1,100.00,27.85
2026-06-04 22:26:58.929,1613,1,100.00,24.32
2026-06-04 22:26:58.961,1614,1,100.00,23.24
2026-06-04 22:26:58.992,1615,1,100.00,23.84
2026-06-04 22:26:59.024,1616,1,100.00,24.66
2026-06-04 22:26:59.059,1617,1,99.99,27.59
2026-06-04 22:26:59.085,1618,1,100.00,22.31
2026-06-04 22:26:59.119,1619,1,100.00,23.89
2026-06-04 22:26:59.146,1620,1,100.00,23.73
2026-06-04 22:26:59.180,1621,1,100.00,23.82
2026-06-04 22:26:59.213,1622,1,100.00,25.15
2026-06-04 22:26:59.241,1623,1,100.00,24.76
2026-06-04 22:26:59.274,1624,1,100.00,23.88
2026-06-04 22:26:59.305,1625,1,99.98,23.73
2026-06-04 22:26:59.335,1626,1,99.76,22.37
2026-06-04 22:26:59.367,1627,1,99.76,22.85
2026-06-04 22:26:59.400,1628,1,100.00,24.93
2026-06-04 22:26:59.427,1629,1,100.00,23.89
2026-06-04 22:26:59.460,1630,1,100.00,22.90
2026-06-04 22:26:59.492,1631,1,100.00,23.89
2026-06-04 22:26:59.519,1632,1,100.00,22.55
2026-06-04 22:26:59.553,1633,1,99.98,22.69
2026-06-04 22:26:59.579,1634,1,99.98,22.95
2026-06-04 22:26:59.618,1635,0,73.59,24.35
2026-06-04 22:26:59.645,1636,0,99.91,23.58
2026-06-04 22:26:59.677,1637,0,99.91,21.74
2026-06-04 22:26:59.710,1638,1,99.99,24.43
2026-06-04 22:26:59.740,1639,1,99.99,23.57
2026-06-04 22:26:59.769,1640,1,99.99,21.05
2026-06-04 22:26:59.804,1641,1,99.88,24.60
2026-06-04 22:26:59.833,1642,1,100.00,23.16
2026-06-04 22:26:59.864,1643,1,100.00,22.67
2026-06-04 22:26:59.897,1644,1,98.81,23.93
2026-06-04 22:26:59.929,1645,0,89.19,24.77
2026-06-04 22:26:59.960,1646,0,89.19,24.08
2026-06-04 22:26:59.988,1647,1,100.00,21.34
2026-06-04 22:27:00.015,1648,1,100.00,24.17
2026-06-04 22:27:00.053,1649,1,100.00,25.06
2026-06-04 22:27:00.079,1650,1,100.00,23.15
2026-06-04 22:27:00.116,1651,1,99.65,26.16
2026-06-04 22:27:00.143,1652,1,100.00,23.79
2026-06-04 22:27:00.175,1653,1,100.00,23.03
2026-06-04 22:27:00.208,1654,1,100.00,25.38
2026-06-04 22:27:00.234,1655,1,80.40,22.53
2026-06-04 22:27:00.268,1656,1,80.40,23.07
2026-06-04 22:27:00.301,1657,1,99.02,24.18
2026-06-04 22:27:00.332,1658,1,77.17,24.04
2026-06-04 22:27:00.361,1659,1,77.17,22.25
2026-06-04 22:27:00.393,1660,1,100.00,23.65
2026-06-04 22:27:00.426,1661,1,75.95,25.50
2026-06-04 22:27:00.454,1662,1,75.95,22.10
2026-06-04 22:27:00.488,1663,1,100.00,24.04
2026-06-04 22:27:00.517,1664,1,100.00,21.88
2026-06-04 22:27:00.546,1665,1,100.00,25.45
2026-06-04 22:27:00.574,1666,1,100.00,25.15
2026-06-04 22:27:00.611,1667,1,100.00,21.88
2026-06-04 22:27:00.637,1668,1,100.00,21.50
2026-06-04 22:27:00.675,1669,1,100.00,22.70
2026-06-04 22:27:00.706,1670,1,100.00,23.09
2026-06-04 22:27:00.733,1671,1,100.00,24.61
2026-06-04 22:27:00.773,1672,1,100.00,27.47
2026-06-04 22:27:00.807,1673,1,99.96,29.24
2026-06-04 22:27:00.854,1674,1,99.27,31.12
2026-06-04 22:27:00.911,1675,1,100.00,42.32
2026-06-04 22:27:00.954,1676,1,100.00,38.02
2026-06-04 22:27:01.000,1677,1,100.00,36.02
2026-06-04 22:27:01.037,1678,1,100.00,26.83
2026-06-04 22:27:01.066,1679,1,100.00,25.12
2026-06-04 22:27:01.098,1680,1,100.00,24.82
2026-06-04 22:27:01.131,1681,1,100.00,26.47
2026-06-04 22:27:01.161,1682,1,100.00,24.29
2026-06-04 22:27:01.193,1683,1,100.00,25.04
2026-06-04 22:27:01.219,1684,1,100.00,23.60
2026-06-04 22:27:01.262,1685,1,100.00,32.07
2026-06-04 22:27:01.307,1686,1,100.00,29.91
2026-06-04 22:27:01.355,1687,1,100.00,44.81
2026-06-04 22:27:01.397,1688,1,100.00,25.77
2026-06-04 22:27:01.430,1689,1,100.00,29.27
2026-06-04 22:27:01.481,1690,1,100.00,32.71
2026-06-04 22:27:01.530,1691,1,100.00,34.19
2026-06-04 22:27:01.569,1692,1,100.00,26.57
2026-06-04 22:27:01.608,1693,1,100.00,34.92
2026-06-04 22:27:01.645,1694,1,100.00,24.16
2026-06-04 22:27:01.678,1695,1,100.00,26.58
2026-06-04 22:27:01.708,1696,1,100.00,25.63
2026-06-04 22:27:01.737,1697,1,100.00,24.26
2026-06-04 22:27:01.768,1698,1,100.00,25.11
2026-06-04 22:27:01.800,1699,1,100.00,25.70
2026-06-04 22:27:01.831,1700,1,100.00,26.04
2026-06-04 22:27:01.863,1701,1,100.00,26.00
2026-06-04 22:27:01.893,1702,1,100.00,25.51
2026-06-04 22:27:01.924,1703,1,100.00,26.98
2026-06-04 22:27:01.957,1704,1,100.00,28.42
2026-06-04 22:27:02.001,1705,1,100.00,26.98
2026-06-04 22:27:02.028,1706,1,100.00,23.63
2026-06-04 22:27:02.062,1707,1,100.00,25.25
2026-06-04 22:27:02.094,1708,1,100.00,26.03
2026-06-04 22:27:02.123,1709,1,100.00,24.40
2026-06-04 22:27:02.155,1710,1,100.00,25.62
2026-06-04 22:27:02.184,1711,1,100.00,23.58
2026-06-04 22:27:02.211,1712,1,100.00,23.54
2026-06-04 22:27:02.257,1713,1,100.00,34.69
2026-06-04 22:27:02.296,1714,1,100.00,25.88
2026-06-04 22:27:02.324,1715,1,100.00,22.64
2026-06-04 22:27:02.362,1716,1,100.00,28.25
2026-06-04 22:27:02.394,1717,1,100.00,29.82
2026-06-04 22:27:02.437,1718,1,100.00,25.09
2026-06-04 22:27:02.465,1719,1,100.00,23.97
2026-06-04 22:27:02.500,1720,1,100.00,24.38
2026-06-04 22:27:02.528,1721,1,100.00,24.71
2026-06-04 22:27:02.561,1722,1,100.00,22.82
2026-06-04 22:27:02.593,1723,1,100.00,24.60
2026-06-04 22:27:02.627,1724,1,100.00,27.31
2026-06-04 22:27:02.658,1725,1,100.00,28.18
2026-06-04 22:27:02.715,1726,1,100.00,53.92
2026-06-04 22:27:02.774,1727,1,100.00,55.89
2026-06-04 22:27:02.860,1728,1,100.00,72.15
2026-06-04 22:27:02.956,1729,1,100.00,93.23
2026-06-04 22:27:03.043,1730,1,100.00,80.40
2026-06-04 22:27:03.138,1731,1,100.00,85.20
2026-06-04 22:27:03.230,1732,1,100.00,87.83
2026-06-04 22:27:03.320,1733,1,100.00,82.71
2026-06-04 22:27:03.402,1734,1,100.00,73.38
2026-06-04 22:27:03.470,1735,1,100.00,62.15
2026-06-04 22:27:03.556,1736,1,100.00,82.01
2026-06-04 22:27:03.633,1737,1,100.00,74.26
2026-06-04 22:27:03.705,1738,1,100.00,64.21
2026-06-04 22:27:03.802,1739,1,100.00,82.85
2026-06-04 22:27:03.887,1740,1,100.00,81.06
2026-06-04 22:27:03.960,1741,1,100.00,68.25
2026-06-04 22:27:04.037,1742,1,100.00,67.76
2026-06-04 22:27:04.121,1743,1,100.00,81.09
2026-06-04 22:27:04.210,1744,1,100.00,83.80
2026-06-04 22:27:04.308,1745,1,100.00,94.33
2026-06-04 22:27:04.398,1746,1,100.00,87.34
2026-06-04 22:27:04.478,1747,1,100.00,72.83
2026-06-04 22:27:04.537,1748,1,100.00,52.54
2026-06-04 22:27:04.611,1749,1,100.00,64.51
2026-06-04 22:27:04.710,1750,1,100.00,93.30
2026-06-04 22:27:04.797,1751,1,100.00,78.94
2026-06-04 22:27:04.895,1752,1,100.00,93.54
2026-06-04 22:27:04.995,1753,1,100.00,93.88
2026-06-04 22:27:05.079,1754,1,100.00,65.26
2026-06-04 22:27:05.158,1755,1,100.00,66.35
2026-06-04 22:27:05.245,1756,1,100.00,78.16
2026-06-04 22:27:05.324,1757,1,100.00,61.22
2026-06-04 22:27:05.417,1758,1,100.00,75.03
2026-06-04 22:27:05.518,1759,1,100.00,80.89
2026-06-04 22:27:05.599,1760,1,100.00,67.84
2026-06-04 22:27:05.658,1761,1,100.00,54.98
2026-06-04 22:27:05.733,1762,1,100.00,60.19
2026-06-04 22:27:05.789,1763,1,100.00,52.82
2026-06-04 22:27:05.855,1764,1,100.00,58.09
2026-06-04 22:27:05.936,1765,1,100.00,63.58
2026-06-04 22:27:06.010,1766,1,100.00,58.98
2026-06-04 22:27:06.075,1767,1,100.00,59.81
2026-06-04 22:27:06.140,1768,1,100.00,60.57
2026-06-04 22:27:06.214,1769,1,100.00,57.26
2026-06-04 22:27:06.279,1770,1,100.00,59.11
2026-06-04 22:27:06.355,1771,1,100.00,70.64
2026-06-04 22:27:06.425,1772,1,100.00,61.68
2026-06-04 22:27:06.524,1773,1,100.00,83.04
2026-06-04 22:27:06.591,1774,1,100.00,62.63
2026-06-04 22:27:06.660,1775,1,100.00,61.31
2026-06-04 22:27:06.755,1776,1,100.00,77.07
2026-06-04 22:27:06.835,1777,1,100.00,62.12
2026-06-04 22:27:06.930,1778,1,100.00,76.92
2026-06-04 22:27:06.993,1779,1,100.00,57.00
2026-06-04 22:27:07.060,1780,1,100.00,64.07
2026-06-04 22:27:07.125,1781,1,100.00,60.40
2026-06-04 22:27:07.191,1782,1,100.00,55.73
2026-06-04 22:27:07.252,1783,1,100.00,53.89
2026-06-04 22:27:07.311,1784,1,100.00,49.16
2026-06-04 22:27:07.378,1785,1,100.00,54.50
2026-06-04 22:27:07.445,1786,1,100.00,58.61
2026-06-04 22:27:07.525,1787,1,100.00,59.82
2026-06-04 22:27:07.613,1788,1,100.00,69.59
2026-06-04 22:27:07.675,1789,1,100.00,58.53
2026-06-04 22:27:07.747,1790,1,100.00,63.20
2026-06-04 22:27:07.810,1791,1,100.00,61.67
2026-06-04 22:27:07.887,1792,1,100.00,63.52
2026-06-04 22:27:07.968,1793,1,100.00,67.04
2026-06-04 22:27:08.023,1794,1,100.00,51.80
2026-06-04 22:27:08.106,1795,1,100.00,78.99
2026-06-04 22:27:08.203,1796,1,100.00,83.78
2026-06-04 22:27:08.294,1797,1,100.00,80.47
2026-06-04 22:27:08.395,1798,1,100.00,97.27
2026-06-04 22:27:08.471,1799,1,100.00,73.26
2026-06-04 22:27:08.564,1800,1,100.00,88.01
2026-06-04 22:27:08.651,1801,1,100.00,77.87
2026-06-04 22:27:08.753,1802,1,100.00,87.94
2026-06-04 22:27:08.835,1803,1,100.00,77.42
2026-06-04 22:27:08.916,1804,1,100.00,74.33
2026-06-04 22:27:08.996,1805,1,100.00,64.67
2026-06-04 22:27:09.060,1806,1,100.00,51.11
2026-06-04 22:27:09.133,1807,1,100.00,61.32
2026-06-04 22:27:09.236,1808,1,100.00,86.95
2026-06-04 22:27:09.321,1809,1,100.00,80.66
2026-06-04 22:27:09.414,1810,1,100.00,86.02
2026-06-04 22:27:09.493,1811,1,100.00,64.41
2026-06-04 22:27:09.579,1812,1,100.00,71.34
2026-06-04 22:27:09.659,1813,1,100.00,73.24
2026-06-04 22:27:09.727,1814,1,100.00,63.72
2026-06-04 22:27:09.813,1815,1,100.00,72.75
2026-06-04 22:27:09.913,1816,1,100.00,95.95
2026-06-04 22:27:10.013,1817,1,100.00,96.43
2026-06-04 22:27:10.082,1818,1,100.00,64.93
2026-06-04 22:27:10.180,1819,1,100.00,79.57
2026-06-04 22:27:10.243,1820,1,100.00,59.36
2026-06-04 22:27:10.330,1821,1,100.00,74.95
2026-06-04 22:27:10.427,1822,1,100.00,78.28
2026-06-04 22:27:10.531,1823,1,100.00,89.89
2026-06-04 22:27:10.624,1824,1,100.00,88.93
2026-06-04 22:27:10.709,1825,1,100.00,80.88
2026-06-04 22:27:10.790,1826,1,100.00,65.57
2026-06-04 22:27:10.883,1827,1,100.00,80.48
2026-06-04 22:27:10.978,1828,1,100.00,80.40
2026-06-04 22:27:11.077,1829,1,100.00,86.86
2026-06-04 22:27:11.161,1830,1,100.00,79.04
2026-06-04 22:27:11.251,1831,1,100.00,84.00
2026-06-04 22:27:11.339,1832,1,100.00,84.08
2026-06-04 22:27:11.434,1833,1,100.00,90.74
2026-06-04 22:27:11.516,1834,1,100.00,72.05
2026-06-04 22:27:11.611,1835,1,100.00,76.77
2026-06-04 22:27:11.703,1836,1,100.00,87.85
2026-06-04 22:27:11.809,1837,1,100.00,87.54
2026-06-04 22:27:11.910,1838,1,100.00,93.56
2026-06-04 22:27:12.015,1839,1,100.00,89.97
2026-06-04 22:27:12.121,1840,1,100.00,85.64
2026-06-04 22:27:12.209,1841,1,100.00,84.22
2026-06-04 22:27:12.291,1842,1,100.00,77.95
2026-06-04 22:27:12.375,1843,1,100.00,79.68
2026-06-04 22:27:12.455,1844,1,100.00,74.28
2026-06-04 22:27:12.538,1845,1,100.00,77.89
2026-06-04 22:27:12.616,1846,1,100.00,74.43
2026-06-04 22:27:12.707,1847,1,100.00,78.92
2026-06-04 22:27:12.781,1848,1,100.00,69.50
2026-06-04 22:27:12.865,1849,1,100.00,79.09
2026-06-04 22:27:12.953,1850,1,100.00,78.48
2026-06-04 22:27:13.039,1851,1,100.00,80.80
2026-06-04 22:27:13.120,1852,1,100.00,75.24
2026-06-04 22:27:13.200,1853,1,100.00,73.60
2026-06-04 22:27:13.284,1854,1,100.00,80.14
2026-06-04 22:27:13.376,1855,1,100.00,78.13
2026-06-04 22:27:13.476,1856,1,100.00,84.50
2026-06-04 22:27:13.569,1857,1,100.00,83.42
2026-06-04 22:27:13.636,1858,1,100.00,60.96
2026-06-04 22:27:13.718,1859,1,100.00,74.62
2026-06-04 22:27:13.804,1860,1,100.00,66.86
2026-06-04 22:27:13.876,1861,1,100.00,61.26
2026-06-04 22:27:13.959,1862,1,100.00,68.05
2026-06-04 22:27:14.039,1863,1,100.00,76.14
2026-06-04 22:27:14.118,1864,1,100.00,69.08
2026-06-04 22:27:14.200,1865,1,100.00,78.79
2026-06-04 22:27:14.293,1866,1,100.00,89.78
2026-06-04 22:27:14.383,1867,1,100.00,84.56
2026-06-04 22:27:14.453,1868,1,100.00,64.50
2026-06-04 22:27:14.523,1869,1,100.00,52.25
2026-06-04 22:27:14.591,1870,1,100.00,58.10
2026-06-04 22:27:14.665,1871,1,100.00,68.84
2026-06-04 22:27:14.762,1872,1,100.00,88.91
2026-06-04 22:27:14.854,1873,1,100.00,85.85
2026-06-04 22:27:14.936,1874,1,100.00,75.94
2026-06-04 22:27:15.016,1875,1,100.00,74.08
2026-06-04 22:27:15.110,1876,1,100.00,89.29
2026-06-04 22:27:15.194,1877,1,100.00,80.58
2026-06-04 22:27:15.288,1878,1,100.00,83.07
2026-06-04 22:27:15.348,1879,1,100.00,57.15
2026-06-04 22:27:15.432,1880,1,100.00,70.00
2026-06-04 22:27:15.518,1881,1,100.00,77.34
2026-06-04 22:27:15.592,1882,1,100.00,59.88
2026-06-04 22:27:15.681,1883,1,100.00,69.79
2026-06-04 22:27:15.761,1884,1,100.00,73.07
2026-06-04 22:27:15.830,1885,1,100.00,64.26
2026-06-04 22:27:15.909,1886,1,100.00,66.83
2026-06-04 22:27:15.969,1887,1,100.00,54.55
2026-06-04 22:27:16.031,1888,1,100.00,46.61
2026-06-04 22:27:16.065,1889,1,100.00,24.57
2026-06-04 22:27:16.095,1890,1,100.00,27.06
2026-06-04 22:27:16.124,1891,1,100.00,25.95
2026-06-04 22:27:16.167,1892,1,100.00,28.04
2026-06-04 22:27:16.196,1893,1,100.00,26.31
2026-06-04 22:27:16.228,1894,1,100.00,25.17
2026-06-04 22:27:16.259,1895,1,100.00,26.73
2026-06-04 22:27:16.289,1896,1,100.00,26.76
2026-06-04 22:27:16.321,1897,1,100.00,26.64
2026-06-04 22:27:16.352,1898,1,100.00,26.72
2026-06-04 22:27:16.381,1899,1,100.00,24.72
2026-06-04 22:27:16.412,1900,1,100.00,23.91
2026-06-04 22:27:16.445,1901,1,100.00,25.29
2026-06-04 22:27:16.478,1902,1,100.00,27.77
2026-06-04 22:27:16.506,1903,1,100.00,24.17
2026-06-04 22:27:16.542,1904,1,100.00,27.89
2026-06-04 22:27:16.570,1905,1,100.00,26.08
2026-06-04 22:27:16.600,1906,1,100.00,23.10
2026-06-04 22:27:16.633,1907,1,100.00,25.82
2026-06-04 22:27:16.663,1908,1,100.00,24.74
2026-06-04 22:27:16.692,1909,1,100.00,25.84
2026-06-04 22:27:16.727,1910,1,100.00,28.20
2026-06-04 22:27:16.755,1911,1,100.00,26.46
2026-06-04 22:27:16.784,1912,1,100.00,26.87
2026-06-04 22:27:16.815,1913,1,100.00,23.09
2026-06-04 22:27:16.849,1914,1,100.00,25.74
2026-06-04 22:27:16.880,1915,1,100.00,25.84
2026-06-04 22:27:16.910,1916,1,100.00,26.47
2026-06-04 22:27:16.940,1917,1,100.00,24.97
2026-06-04 22:27:16.971,1918,1,100.00,23.74
2026-06-04 22:27:17.005,1919,1,100.00,25.68
2026-06-04 22:27:17.037,1920,1,100.00,25.25
2026-06-04 22:27:17.070,1921,1,100.00,26.63
2026-06-04 22:27:17.102,1922,1,100.00,28.66
2026-06-04 22:27:17.133,1923,1,100.00,26.52
2026-06-04 22:27:17.163,1924,1,100.00,24.86
2026-06-04 22:27:17.194,1925,1,100.00,24.71
2026-06-04 22:27:17.226,1926,1,100.00,25.62
2026-06-04 22:27:17.256,1927,1,100.00,24.15
2026-06-04 22:27:17.293,1928,1,100.00,29.45
2026-06-04 22:27:17.339,1929,1,100.00,28.80
2026-06-04 22:27:17.387,1930,1,100.00,29.92
2026-06-04 22:27:17.433,1931,1,100.00,29.60
2026-06-04 22:27:17.478,1932,1,100.00,27.71
2026-06-04 22:27:17.509,1933,1,100.00,27.32
2026-06-04 22:27:17.538,1934,1,100.00,25.98
2026-06-04 22:27:17.570,1935,1,100.00,26.54
2026-06-04 22:27:17.599,1936,1,100.00,24.79
2026-06-04 22:27:17.634,1937,1,100.00,27.37
2026-06-04 22:27:17.665,1938,1,100.00,26.77
2026-06-04 22:27:17.695,1939,1,100.00,25.77
2026-06-04 22:27:17.727,1940,1,100.00,25.62
2026-06-04 22:27:17.758,1941,1,100.00,25.16
2026-06-04 22:27:17.791,1942,1,100.00,26.11
2026-06-04 22:27:17.821,1943,1,100.00,25.37
2026-06-04 22:27:17.853,1944,1,100.00,25.57
2026-06-04 22:27:17.885,1945,1,100.00,26.09
2026-06-04 22:27:17.918,1946,1,100.00,27.45
2026-06-04 22:27:17.947,1947,1,100.00,25.92
2026-06-04 22:27:17.979,1948,1,100.00,26.47
2026-06-04 22:27:18.010,1949,1,100.00,26.18
2026-06-04 22:27:18.040,1950,1,100.00,27.16
2026-06-04 22:27:18.073,1951,1,100.00,26.27
2026-06-04 22:27:18.103,1952,1,100.00,25.49
2026-06-04 22:27:18.132,1953,1,100.00,25.22
2026-06-04 22:27:18.165,1954,1,100.00,25.38
2026-06-04 22:27:18.206,1955,1,100.00,32.36
2026-06-04 22:27:18.242,1956,1,100.00,33.92
2026-06-04 22:27:18.290,1957,1,100.00,42.88
2026-06-04 22:27:18.349,1958,1,100.00,54.97
2026-06-04 22:27:18.416,1959,1,100.00,60.69
2026-06-04 22:27:18.498,1960,1,100.00,63.27
2026-06-04 22:27:18.592,1961,1,100.00,79.51
2026-06-04 22:27:18.684,1962,1,100.00,78.91
2026-06-04 22:27:18.771,1963,1,100.00,73.31
2026-06-04 22:27:18.845,1964,1,100.00,70.37
2026-06-04 22:27:18.911,1965,1,100.00,56.99
2026-06-04 22:27:18.993,1966,1,100.00,75.14
2026-06-04 22:27:19.066,1967,1,100.00,68.32
2026-06-04 22:27:19.148,1968,1,100.00,75.88
2026-06-04 22:27:19.238,1969,1,100.00,84.72
2026-06-04 22:27:19.319,1970,1,100.00,77.83
2026-06-04 22:27:19.395,1971,1,100.00,71.34
2026-06-04 22:27:19.447,1972,1,100.00,48.09
2026-06-04 22:27:19.483,1973,1,100.00,24.56
2026-06-04 22:27:19.515,1974,1,100.00,28.75
2026-06-04 22:27:19.541,1975,1,100.00,22.20
2026-06-04 22:27:19.574,1976,1,100.00,29.07
2026-06-04 22:27:19.603,1977,1,100.00,25.64
2026-06-04 22:27:19.632,1978,1,100.00,24.64
2026-06-04 22:27:19.666,1979,1,100.00,27.01
2026-06-04 22:27:19.697,1980,1,100.00,26.75
2026-06-04 22:27:19.731,1981,1,100.00,29.19
2026-06-04 22:27:19.758,1982,1,100.00,25.34
2026-06-04 22:27:19.793,1983,1,100.00,27.91
2026-06-04 22:27:19.823,1984,1,100.00,25.87
2026-06-04 22:27:19.869,1985,1,100.00,28.33
2026-06-04 22:27:19.916,1986,1,100.00,28.36
2026-06-04 22:27:19.967,1987,1,100.00,32.50
2026-06-04 22:27:20.011,1988,1,100.00,29.22
2026-06-04 22:27:20.058,1989,1,100.00,30.66
2026-06-04 22:27:20.093,1990,1,100.00,31.21
2026-06-04 22:27:20.137,1991,1,100.00,30.04
2026-06-04 22:27:20.185,1992,1,100.00,30.06
2026-06-04 22:27:20.222,1993,1,100.00,33.47
2026-06-04 22:27:20.257,1994,1,100.00,33.59
2026-06-04 22:27:20.292,1995,1,100.00,33.09
2026-06-04 22:27:20.325,1996,1,100.00,29.01
2026-06-04 22:27:20.369,1997,1,100.00,27.74
2026-06-04 22:27:20.413,1998,1,100.00,26.11
2026-06-04 22:27:20.446,1999,1,100.00,27.09
2026-06-04 22:27:20.481,2000,1,100.00,30.84
2026-06-04 22:27:20.508,2001,1,100.00,24.73
2026-06-04 22:27:20.540,2002,1,100.00,29.55
2026-06-04 22:27:20.574,2003,1,100.00,27.22
2026-06-04 22:27:20.630,2004,1,100.00,37.13
2026-06-04 22:27:20.668,2005,1,100.00,29.27
2026-06-04 22:27:20.723,2006,1,100.00,38.06
2026-06-04 22:27:20.761,2007,1,100.00,28.74
2026-06-04 22:27:20.813,2008,1,100.00,34.86
2026-06-04 22:27:20.844,2009,1,100.00,27.89
2026-06-04 22:27:20.874,2010,1,100.00,27.17
2026-06-04 22:27:20.911,2011,1,100.00,23.59
2026-06-04 22:27:20.938,2012,1,100.00,24.72
2026-06-04 22:27:20.979,2013,1,100.00,29.51
2026-06-04 22:27:21.022,2014,1,100.00,27.50
2026-06-04 22:27:21.056,2015,1,100.00,28.91
2026-06-04 22:27:21.088,2016,1,100.00,27.98
2026-06-04 22:27:21.118,2017,1,100.00,27.05
2026-06-04 22:27:21.165,2018,1,100.00,27.80
2026-06-04 22:27:21.219,2019,1,100.00,34.01
2026-06-04 22:27:21.271,2020,1,100.00,41.98
2026-06-04 22:27:21.305,2021,1,100.00,29.93
2026-06-04 22:27:21.348,2022,1,100.00,25.84
2026-06-04 22:27:21.397,2023,1,100.00,29.86
2026-06-04 22:27:21.428,2024,1,100.00,27.99
2026-06-04 22:27:21.473,2025,1,100.00,27.96
2026-06-04 22:27:21.500,2026,1,100.00,24.64
2026-06-04 22:27:21.535,2027,1,100.00,27.72
2026-06-04 22:27:21.567,2028,1,100.00,27.70
2026-06-04 22:27:21.595,2029,1,100.00,24.62
2026-06-04 22:27:21.626,2030,1,100.00,25.13
2026-06-04 22:27:21.656,2031,1,100.00,24.92
2026-06-04 22:27:21.691,2032,1,100.00,28.85
2026-06-04 22:27:21.733,2033,1,100.00,24.67
2026-06-04 22:27:21.764,2034,1,100.00,26.99
2026-06-04 22:27:21.795,2035,1,100.00,25.35
2026-06-04 22:27:21.825,2036,1,100.00,24.33
2026-06-04 22:27:21.862,2037,1,100.00,28.65
2026-06-04 22:27:21.908,2038,1,100.00,27.94
2026-06-04 22:27:21.936,2039,1,100.00,24.88
2026-06-04 22:27:21.971,2040,1,100.00,28.09
2026-06-04 22:27:22.001,2041,1,100.00,26.45
2026-06-04 22:27:22.033,2042,1,100.00,26.37
2026-06-04 22:27:22.065,2043,1,100.00,26.83
2026-06-04 22:27:22.095,2044,1,100.00,24.70
2026-06-04 22:27:22.126,2045,1,100.00,26.85
2026-06-04 22:27:22.151,2046,1,100.00,24.57
2026-06-04 22:27:22.189,2047,1,100.00,26.67
2026-06-04 22:27:22.230,2048,1,100.00,34.66
2026-06-04 22:27:22.259,2049,1,100.00,26.71
2026-06-04 22:27:22.288,2050,1,100.00,27.10
2026-06-04 22:27:22.331,2051,1,100.00,25.55
2026-06-04 22:27:22.360,2052,1,100.00,22.99
2026-06-04 22:27:22.393,2053,1,100.00,25.73
2026-06-04 22:27:22.425,2054,1,100.00,26.65
2026-06-04 22:27:22.455,2055,1,100.00,25.82
2026-06-04 22:27:22.489,2056,1,100.00,27.76
2026-06-04 22:27:22.520,2057,1,100.00,27.32
2026-06-04 22:27:22.549,2058,1,100.00,24.57
2026-06-04 22:27:22.583,2059,1,100.00,25.91
2026-06-04 22:27:22.611,2060,1,100.00,25.30
2026-06-04 22:27:22.643,2061,1,100.00,25.08
2026-06-04 22:27:22.677,2062,1,100.00,27.84
2026-06-04 22:27:22.706,2063,1,100.00,24.24
2026-06-04 22:27:22.737,2064,1,100.00,24.56
2026-06-04 22:27:22.768,2065,1,100.00,27.24
2026-06-04 22:27:22.798,2066,1,100.00,29.43
2026-06-04 22:27:22.831,2067,1,100.00,24.13
2026-06-04 22:27:22.857,2068,1,100.00,23.66
2026-06-04 22:27:22.885,2069,1,100.00,26.87
2026-06-04 22:27:22.910,2070,1,100.00,24.33
2026-06-04 22:27:22.937,2071,1,100.00,24.93
2026-06-04 22:27:22.965,2072,1,100.00,26.30
2026-06-04 22:27:22.990,2073,1,100.00,25.42
2026-06-04 22:27:23.021,2074,1,100.00,26.60
2026-06-04 22:27:23.051,2075,1,100.00,28.25
2026-06-04 22:27:23.079,2076,1,100.00,26.83
2026-06-04 22:27:23.111,2077,1,100.00,30.22
2026-06-04 22:27:23.141,2078,1,91.54,29.51
2026-06-04 22:27:23.168,2079,1,79.83,25.08
2026-06-04 22:27:23.193,2080,0,97.62,23.24
2026-06-04 22:27:23.224,2081,0,99.99,27.15
2026-06-04 22:27:23.254,2082,0,99.86,29.15
2026-06-04 22:27:23.285,2083,0,99.99,29.97
2026-06-04 22:27:23.313,2084,0,100.00,27.06
2026-06-04 22:27:23.343,2085,1,74.07,28.12
2026-06-04 22:27:23.369,2086,0,99.68,24.29
2026-06-04 22:27:23.394,2087,0,99.97,23.86
2026-06-04 22:27:23.425,2088,0,99.74,25.07
2026-06-04 22:27:23.452,2089,0,98.85,26.34
2026-06-04 22:27:23.480,2090,0,76.94,26.85
2026-06-04 22:27:23.507,2091,0,76.94,25.96
2026-06-04 22:27:23.535,2092,1,89.46,26.00
2026-06-04 22:27:23.563,2093,0,78.38,25.45
2026-06-04 22:27:23.595,2094,0,78.38,26.18
2026-06-04 22:27:23.625,2095,0,99.07,25.48
2026-06-04 22:27:23.655,2096,0,99.07,26.10
2026-06-04 22:27:23.691,2097,0,99.99,28.79
2026-06-04 22:27:23.720,2098,0,86.49,26.09
2026-06-04 22:27:23.750,2099,0,86.49,24.18
2026-06-04 22:27:23.780,2100,0,98.75,27.76
2026-06-04 22:27:23.811,2101,0,98.75,27.10
2026-06-04 22:27:23.840,2102,0,99.90,28.37
2026-06-04 22:27:23.879,2103,0,99.98,35.19
2026-06-04 22:27:23.916,2104,0,99.98,33.18
2026-06-04 22:27:23.953,2105,0,99.96,24.29
2026-06-04 22:27:23.987,2106,0,99.97,28.50
2026-06-04 22:27:24.017,2107,0,99.99,27.26
2026-06-04 22:27:24.047,2108,0,100.00,29.28
2026-06-04 22:27:24.076,2109,0,100.00,27.08
2026-06-04 22:27:24.111,2110,0,100.00,27.84
2026-06-04 22:27:24.143,2111,0,100.00,28.12
2026-06-04 22:27:24.176,2112,0,100.00,29.11
2026-06-04 22:27:24.219,2113,0,100.00,25.43
2026-06-04 22:27:24.256,2114,0,100.00,30.24
2026-06-04 22:27:24.296,2115,0,100.00,23.95
2026-06-04 22:27:24.328,2116,0,100.00,23.59
2026-06-04 22:27:24.358,2117,0,100.00,27.35
2026-06-04 22:27:24.389,2118,0,100.00,29.81
2026-06-04 22:27:24.421,2119,0,100.00,23.06
2026-06-04 22:27:24.453,2120,0,100.00,29.65
2026-06-04 22:27:24.489,2121,0,100.00,26.92
2026-06-04 22:27:24.518,2122,0,99.75,25.13
2026-06-04 22:27:24.547,2123,0,99.75,26.03
2026-06-04 22:27:24.581,2124,0,100.00,24.07
2026-06-04 22:27:24.613,2125,0,100.00,28.12
2026-06-04 22:27:24.649,2126,0,99.99,30.62
2026-06-04 22:27:24.690,2127,0,100.00,24.56
2026-06-04 22:27:24.723,2128,0,100.00,24.96
2026-06-04 22:27:24.756,2129,0,100.00,27.90
2026-06-04 22:27:24.783,2130,0,100.00,25.82
2026-06-04 22:27:24.815,2131,0,100.00,25.96
2026-06-04 22:27:24.847,2132,0,100.00,27.27
2026-06-04 22:27:24.878,2133,0,100.00,25.58
2026-06-04 22:27:24.910,2134,0,100.00,27.11
2026-06-04 22:27:24.942,2135,0,100.00,27.74
2026-06-04 22:27:24.966,2136,0,99.98,21.85
2026-06-04 22:27:24.995,2137,0,100.00,27.33
2026-06-04 22:27:25.036,2138,0,99.99,27.85
2026-06-04 22:27:25.083,2139,0,100.00,28.92
2026-06-04 22:27:25.113,2140,0,100.00,26.70
2026-06-04 22:27:25.142,2141,0,100.00,24.95
2026-06-04 22:27:25.177,2142,0,100.00,30.23
2026-06-04 22:27:25.202,2143,0,100.00,22.82
2026-06-04 22:27:25.235,2144,0,100.00,25.16
2026-06-04 22:27:25.263,2145,0,100.00,25.09
2026-06-04 22:27:25.309,2146,0,100.00,36.22
2026-06-04 22:27:25.347,2147,0,100.00,27.22
2026-06-04 22:27:25.374,2148,0,100.00,23.96
2026-06-04 22:27:25.406,2149,0,100.00,29.31
2026-06-04 22:27:25.438,2150,0,100.00,24.67
2026-06-04 22:27:25.473,2151,0,100.00,27.00
2026-06-04 22:27:25.503,2152,0,100.00,25.16
2026-06-04 22:27:25.533,2153,0,100.00,25.06
2026-06-04 22:27:25.560,2154,0,99.99,27.01
2026-06-04 22:27:25.599,2155,0,99.99,28.60
2026-06-04 22:27:25.647,2156,0,100.00,29.06
2026-06-04 22:27:25.691,2157,0,100.00,26.61
2026-06-04 22:27:25.721,2158,0,100.00,25.25
2026-06-04 22:27:25.751,2159,0,100.00,26.41
2026-06-04 22:27:25.787,2160,0,100.00,28.80
2026-06-04 22:27:25.815,2161,0,100.00,25.11
2026-06-04 22:27:25.846,2162,0,100.00,27.69
2026-06-04 22:27:25.875,2163,0,100.00,22.11
2026-06-04 22:27:25.899,2164,0,100.00,23.19
2026-06-04 22:27:25.942,2165,0,100.00,26.69
2026-06-04 22:27:25.969,2166,0,100.00,26.56
2026-06-04 22:27:26.005,2167,0,100.00,26.84
2026-06-04 22:27:26.032,2168,0,100.00,24.98
2026-06-04 22:27:26.062,2169,0,100.00,26.56
2026-06-04 22:27:26.097,2170,0,100.00,24.74
2026-06-04 22:27:26.126,2171,0,100.00,28.13
2026-06-04 22:27:26.153,2172,0,100.00,24.59
2026-06-04 22:27:26.194,2173,0,100.00,27.00
2026-06-04 22:27:26.223,2174,0,100.00,25.06
2026-06-04 22:27:26.248,2175,0,100.00,23.85
2026-06-04 22:27:26.285,2176,0,100.00,24.50
2026-06-04 22:27:26.316,2177,0,100.00,24.30
2026-06-04 22:27:26.343,2178,0,100.00,24.31
2026-06-04 22:27:26.371,2179,0,100.00,26.72
2026-06-04 22:27:26.398,2180,0,100.00,26.01
2026-06-04 22:27:26.439,2181,0,100.00,24.77
2026-06-04 22:27:26.471,2182,0,100.00,24.63
2026-06-04 22:27:26.501,2183,0,100.00,26.84
2026-06-04 22:27:26.535,2184,0,100.00,25.16
2026-06-04 22:27:26.559,2185,0,100.00,22.51
2026-06-04 22:27:26.600,2186,0,100.00,27.20
2026-06-04 22:27:26.634,2187,0,100.00,29.69
2026-06-04 22:27:26.659,2188,0,100.00,24.03
2026-06-04 22:27:26.687,2189,0,100.00,25.76
2026-06-04 22:27:26.713,2190,0,100.00,24.51
2026-06-04 22:27:26.743,2191,0,100.00,25.73
2026-06-04 22:27:26.797,2192,0,100.00,37.61
2026-06-04 22:27:26.835,2193,0,100.00,28.93
2026-06-04 22:27:26.885,2194,0,100.00,32.57
2026-06-04 22:27:26.915,2195,0,100.00,27.67
2026-06-04 22:27:26.941,2196,0,100.00,23.11
2026-06-04 22:27:26.971,2197,0,100.00,25.55
2026-06-04 22:27:26.999,2198,0,100.00,25.02
2026-06-04 22:27:27.033,2199,0,100.00,24.30
2026-06-04 22:27:27.065,2200,0,100.00,26.10
2026-06-04 22:27:27.094,2201,0,100.00,25.45
2026-06-04 22:27:27.130,2202,0,100.00,27.22
2026-06-04 22:27:27.157,2203,0,100.00,22.58
2026-06-04 22:27:27.186,2204,0,100.00,27.38
2026-06-04 22:27:27.221,2205,0,100.00,23.95
2026-06-04 22:27:27.254,2206,0,100.00,26.10
2026-06-04 22:27:27.282,2207,0,100.00,25.04
2026-06-04 22:27:27.313,2208,0,100.00,24.04
2026-06-04 22:27:27.342,2209,0,100.00,27.75
2026-06-04 22:27:27.378,2210,0,100.00,27.29
2026-06-04 22:27:27.406,2211,0,100.00,24.77
2026-06-04 22:27:27.441,2212,0,100.00,28.48
2026-06-04 22:27:27.469,2213,0,100.00,25.38
2026-06-04 22:27:27.500,2214,0,100.00,25.62
2026-06-04 22:27:27.534,2215,0,100.00,28.14
2026-06-04 22:27:27.563,2216,0,100.00,27.62
2026-06-04 22:27:27.594,2217,0,100.00,26.53
2026-06-04 22:27:27.627,2218,0,100.00,26.12
2026-06-04 22:27:27.654,2219,0,100.00,23.65
2026-06-04 22:27:27.681,2220,0,100.00,23.01
2026-06-04 22:27:27.710,2221,0,100.00,25.83
2026-06-04 22:27:27.750,2222,0,100.00,25.18
2026-06-04 22:27:27.781,2223,0,100.00,24.89
2026-06-04 22:27:27.813,2224,0,99.98,26.67
2026-06-04 22:27:27.843,2225,0,99.98,27.33
2026-06-04 22:27:27.874,2226,0,100.00,25.74
2026-06-04 22:27:27.908,2227,0,99.92,31.07
2026-06-04 22:27:27.954,2228,0,99.92,29.18
2026-06-04 22:27:27.982,2229,0,100.00,25.30
2026-06-04 22:27:28.010,2230,0,100.00,25.07
2026-06-04 22:27:28.065,2231,0,100.00,47.95
2026-06-04 22:27:28.125,2232,0,100.00,56.04
2026-06-04 22:27:28.249,2233,0,99.93,108.05
2026-06-04 22:27:28.308,2234,0,99.97,55.36
2026-06-04 22:27:28.382,2235,0,100.00,66.58
2026-06-04 22:27:28.480,2236,0,99.99,87.23
2026-06-04 22:27:28.553,2237,0,97.37,66.18
2026-06-04 22:27:28.625,2238,0,100.00,59.65
2026-06-04 22:27:28.710,2239,0,99.98,67.82
2026-06-04 22:27:28.787,2240,0,100.00,67.45
2026-06-04 22:27:28.855,2241,0,100.00,65.39
2026-06-04 22:27:28.976,2242,0,100.00,101.15
2026-06-04 22:27:29.075,2243,0,99.97,89.96
2026-06-04 22:27:29.145,2244,0,100.00,64.80
2026-06-04 22:27:29.220,2245,0,100.00,70.79
2026-06-04 22:27:29.298,2246,0,100.00,62.05
2026-06-04 22:27:29.377,2247,0,100.00,64.20
2026-06-04 22:27:29.452,2248,0,100.00,62.59
2026-06-04 22:27:29.536,2249,0,99.99,67.41
2026-06-04 22:27:29.608,2250,0,100.00,62.67
2026-06-04 22:27:29.679,2251,0,100.00,67.03
2026-06-04 22:27:29.754,2252,0,100.00,67.25
2026-06-04 22:27:29.813,2253,0,99.99,47.67
2026-06-04 22:27:29.911,2254,0,99.99,81.81
2026-06-04 22:27:29.998,2255,0,100.00,82.94
2026-06-04 22:27:30.111,2256,0,100.00,94.89
2026-06-04 22:27:30.209,2257,0,99.23,92.99
2026-06-04 22:27:30.316,2258,0,86.65,98.07
2026-06-04 22:27:30.409,2259,1,81.25,88.61
2026-06-04 22:27:30.507,2260,1,99.97,94.92
2026-06-04 22:27:30.578,2261,1,99.94,65.96
2026-06-04 22:27:30.653,2262,1,94.64,57.87
2026-06-04 22:27:30.723,2263,1,94.64,64.86
2026-06-04 22:27:30.821,2264,1,99.99,86.45
2026-06-04 22:27:30.913,2265,1,100.00,85.99
2026-06-04 22:27:31.007,2266,1,99.46,86.94
2026-06-04 22:27:31.102,2267,1,100.00,90.53
2026-06-04 22:27:31.197,2268,1,100.00,88.17
2026-06-04 22:27:31.299,2269,1,100.00,97.43
2026-06-04 22:27:31.403,2270,1,99.98,100.87
2026-06-04 22:27:31.498,2271,1,99.83,74.04
2026-06-04 22:27:31.573,2272,1,100.00,69.58
2026-06-04 22:27:31.650,2273,1,91.02,72.69
2026-06-04 22:27:31.729,2274,1,91.02,76.16
2026-06-04 22:27:31.821,2275,0,100.00,87.59
2026-06-04 22:27:31.914,2276,0,100.00,87.08
2026-06-04 22:27:32.018,2277,0,100.00,100.04
2026-06-04 22:27:32.123,2278,0,100.00,101.71
2026-06-04 22:27:32.233,2279,0,100.00,105.47
2026-06-04 22:27:32.323,2280,0,100.00,74.91
2026-06-04 22:27:32.410,2281,0,100.00,67.39
2026-06-04 22:27:32.493,2282,0,100.00,72.25
2026-06-04 22:27:32.564,2283,0,99.97,64.37
2026-06-04 22:27:32.640,2284,0,99.97,73.20
2026-06-04 22:27:32.724,2285,0,97.89,68.97
2026-06-04 22:27:32.805,2286,0,97.89,72.87
2026-06-04 22:27:32.897,2287,0,91.42,86.06
2026-06-04 22:27:32.985,2288,0,99.89,83.43
2026-06-04 22:27:33.083,2289,0,100.00,93.47
2026-06-04 22:27:33.173,2290,0,99.99,78.80
2026-06-04 22:27:33.264,2291,0,99.21,78.07
2026-06-04 22:27:33.357,2292,0,99.94,78.91
2026-06-04 22:27:33.452,2293,1,88.92,81.06
2026-06-04 22:27:33.541,2294,1,90.52,76.34
2026-06-04 22:27:33.622,2295,0,92.75,64.54
2026-06-04 22:27:33.691,2296,0,92.75,65.57
2026-06-04 22:27:33.783,2297,1,96.48,83.92
2026-06-04 22:27:33.863,2298,0,88.10,76.66
2026-06-04 22:27:33.953,2299,0,96.04,82.80
2026-06-04 22:27:34.063,2300,0,96.89,98.55
2026-06-04 22:27:34.128,2301,1,99.97,60.49
2026-06-04 22:27:34.216,2302,1,99.61,78.91
2026-06-04 22:27:34.315,2303,1,99.61,85.96
2026-06-04 22:27:34.403,2304,0,98.43,82.10
2026-06-04 22:27:34.498,2305,0,98.43,90.98
2026-06-04 22:27:34.587,2306,0,100.00,84.34
2026-06-04 22:27:34.681,2307,0,100.00,90.80
2026-06-04 22:27:34.790,2308,0,99.93,104.78
2026-06-04 22:27:34.891,2309,0,100.00,97.52
2026-06-04 22:27:34.981,2310,0,99.49,84.85
2026-06-04 22:27:35.091,2311,0,99.76,93.54
2026-06-04 22:27:35.197,2312,0,99.78,101.04
2026-06-04 22:27:35.311,2313,0,100.00,107.01
2026-06-04 22:27:35.413,2314,0,100.00,97.60
2026-06-04 22:27:35.516,2315,0,99.95,99.05
2026-06-04 22:27:35.626,2316,0,100.00,104.62
2026-06-04 22:27:35.727,2317,0,100.00,96.37
2026-06-04 22:27:35.821,2318,0,100.00,88.24
2026-06-04 22:27:35.893,2319,0,100.00,62.20
2026-06-04 22:27:35.978,2320,0,100.00,69.21
2026-06-04 22:27:36.054,2321,0,100.00,67.04
2026-06-04 22:27:36.141,2322,0,100.00,83.76
2026-06-04 22:27:36.229,2323,0,100.00,84.41
2026-06-04 22:27:36.311,2324,0,99.99,73.92
2026-06-04 22:27:36.393,2325,0,99.99,78.21
2026-06-04 22:27:36.515,2326,0,100.00,106.15
2026-06-04 22:27:36.634,2327,0,100.00,113.47
2026-06-04 22:27:36.735,2328,0,100.00,92.55
2026-06-04 22:27:36.837,2329,0,100.00,97.56
2026-06-04 22:27:36.933,2330,0,100.00,88.81
2026-06-04 22:27:37.036,2331,0,100.00,98.91
2026-06-04 22:27:37.132,2332,0,100.00,91.24
2026-06-04 22:27:37.207,2333,0,100.00,71.98
2026-06-04 22:27:37.301,2334,0,100.00,82.12
2026-06-04 22:27:37.406,2335,0,100.00,97.89
2026-06-04 22:27:37.507,2336,0,100.00,95.67
2026-06-04 22:27:37.606,2337,0,100.00,94.75
2026-06-04 22:27:37.698,2338,0,100.00,87.95
2026-06-04 22:27:37.754,2339,0,100.00,48.90
2026-06-04 22:27:37.792,2340,0,100.00,32.68
2026-06-04 22:27:37.821,2341,0,100.00,25.91
2026-06-04 22:27:37.864,2342,0,100.00,34.87
2026-06-04 22:27:37.897,2343,0,100.00,29.80
2026-06-04 22:27:37.934,2344,0,100.00,28.05
2026-06-04 22:27:37.978,2345,0,100.00,27.27
2026-06-04 22:27:38.010,2346,0,100.00,26.87
2026-06-04 22:27:38.043,2347,0,100.00,28.39
2026-06-04 22:27:38.073,2348,0,100.00,27.76
2026-06-04 22:27:38.109,2349,0,100.00,31.12
2026-06-04 22:27:38.151,2350,0,100.00,26.82
2026-06-04 22:27:38.185,2351,0,100.00,29.74
2026-06-04 22:27:38.235,2352,0,100.00,32.07
2026-06-04 22:27:38.279,2353,0,100.00,27.99
2026-06-04 22:27:38.309,2354,0,100.00,27.21
2026-06-04 22:27:38.361,2355,0,100.00,47.06
2026-06-04 22:27:38.402,2356,0,100.00,38.06
2026-06-04 22:27:38.450,2357,0,100.00,41.57
2026-06-04 22:27:38.499,2358,0,100.00,43.76
2026-06-04 22:27:38.540,2359,0,100.00,37.90
2026-06-04 22:27:38.580,2360,0,100.00,32.50
2026-06-04 22:27:38.634,2361,0,100.00,38.63
2026-06-04 22:27:38.680,2362,0,100.00,36.81
2026-06-04 22:27:38.724,2363,0,100.00,34.22
2026-06-04 22:27:38.787,2364,0,100.00,51.69
2026-06-04 22:27:38.829,2365,0,100.00,38.83
2026-06-04 22:27:38.880,2366,0,100.00,35.97
2026-06-04 22:27:38.928,2367,0,100.00,37.42
2026-06-04 22:27:38.971,2368,0,100.00,34.59
2026-06-04 22:27:39.027,2369,0,100.00,44.00
2026-06-04 22:27:39.071,2370,0,100.00,41.31
2026-06-04 22:27:39.108,2371,0,100.00,34.15
2026-06-04 22:27:39.161,2372,0,100.00,39.36
2026-06-04 22:27:39.206,2373,0,100.00,37.48
2026-06-04 22:27:39.246,2374,0,100.00,31.45
2026-06-04 22:27:39.293,2375,0,100.00,31.37
2026-06-04 22:27:39.341,2376,0,100.00,33.28
2026-06-04 22:27:39.389,2377,0,100.00,34.65
2026-06-04 22:27:39.458,2378,0,100.00,64.08
2026-06-04 22:27:39.533,2379,0,100.00,69.57
2026-06-04 22:27:39.598,2380,0,100.00,57.92
2026-06-04 22:27:39.665,2381,0,100.00,61.60
2026-06-04 22:27:39.755,2382,0,100.00,74.15
2026-06-04 22:27:39.836,2383,0,100.00,75.43
2026-06-04 22:27:39.928,2384,0,100.00,74.82
2026-06-04 22:27:40.019,2385,0,100.00,71.18
2026-06-04 22:27:40.110,2386,0,100.00,83.89
2026-06-04 22:27:40.178,2387,0,100.00,63.13
2026-06-04 22:27:40.273,2388,0,100.00,76.07
2026-06-04 22:27:40.368,2389,0,100.00,75.46
2026-06-04 22:27:40.464,2390,0,100.00,92.15
2026-06-04 22:27:40.560,2391,0,100.00,91.12
2026-06-04 22:27:40.643,2392,0,99.17,80.57
2026-06-04 22:27:40.722,2393,0,100.00,69.07
2026-06-04 22:27:40.803,2394,0,100.00,72.60
2026-06-04 22:27:40.881,2395,0,100.00,72.02
2026-06-04 22:27:40.960,2396,0,100.00,75.55
2026-06-04 22:27:41.033,2397,0,100.00,67.95
2026-06-04 22:27:41.123,2398,0,100.00,80.35
2026-06-04 22:27:41.212,2399,0,100.00,75.84
2026-06-04 22:27:41.333,2400,0,100.00,101.98
2026-06-04 22:27:41.431,2401,1,98.91,92.90
2026-06-04 22:27:41.527,2402,1,99.22,78.99
2026-06-04 22:27:41.633,2403,1,99.98,101.68
2026-06-04 22:27:41.715,2404,0,98.21,75.84
2026-06-04 22:27:41.810,2405,1,99.58,82.48
2026-06-04 22:27:41.899,2406,1,98.87,83.79
2026-06-04 22:27:41.999,2407,0,99.84,85.21
2026-06-04 22:27:42.068,2408,1,98.56,64.47
2026-06-04 22:27:42.144,2409,1,98.56,73.76
2026-06-04 22:27:42.227,2410,0,63.16,77.83
2026-06-04 22:27:42.309,2411,0,63.16,67.86
2026-06-04 22:27:42.401,2412,0,63.16,82.18
2026-06-04 22:27:42.493,2413,1,58.59,80.20
2026-06-04 22:27:42.569,2414,0,92.73,72.26
2026-06-04 22:27:42.663,2415,0,99.76,78.88
2026-06-04 22:27:42.729,2416,0,99.76,53.13
2026-06-04 22:27:42.798,2417,0,97.85,58.89
2026-06-04 22:27:42.858,2418,0,97.85,55.83
2026-06-04 22:27:42.921,2419,0,99.92,57.96
2026-06-04 22:27:42.990,2420,0,99.92,63.66
2026-06-04 22:27:43.053,2421,0,96.39,59.59
2026-06-04 22:27:43.123,2422,0,96.39,57.63
2026-06-04 22:27:43.187,2423,0,100.00,58.73
2026-06-04 22:27:43.260,2424,0,96.27,68.69
2026-06-04 22:27:43.340,2425,0,96.27,74.76
2026-06-04 22:27:43.405,2426,0,98.71,56.53
2026-06-04 22:27:43.468,2427,0,96.86,57.91
2026-06-04 22:27:43.543,2428,0,96.86,70.53
2026-06-04 22:27:43.604,2429,0,90.09,53.64
2026-06-04 22:27:43.671,2430,0,90.09,57.75
2026-06-04 22:27:43.751,2431,0,100.00,61.35
2026-06-04 22:27:43.838,2432,0,100.00,71.10
2026-06-04 22:27:43.900,2433,0,100.00,58.02
2026-06-04 22:27:43.977,2434,0,100.00,70.83
2026-06-04 22:27:44.064,2435,0,99.97,79.05
2026-06-04 22:27:44.148,2436,0,99.34,80.11
2026-06-04 22:27:44.225,2437,0,99.34,72.36
2026-06-04 22:27:44.315,2438,0,99.30,86.54
2026-06-04 22:27:44.401,2439,0,99.99,80.62
2026-06-04 22:27:44.467,2440,0,75.15,62.32
2026-06-04 22:27:44.542,2441,0,98.45,60.03
2026-06-04 22:27:44.601,2442,0,98.45,54.88
2026-06-04 22:27:44.663,2443,0,100.00,58.54
2026-06-04 22:27:44.726,2444,0,100.00,60.07
2026-06-04 22:27:44.815,2445,0,100.00,79.81
2026-06-04 22:27:44.917,2446,0,100.00,87.14
2026-06-04 22:27:45.011,2447,0,100.00,89.02
2026-06-04 22:27:45.105,2448,0,99.97,89.86
2026-06-04 22:27:45.188,2449,0,98.29,78.88
2026-06-04 22:27:45.280,2450,0,100.00,89.17
2026-06-04 22:27:45.363,2451,0,99.94,76.99
2026-06-04 22:27:45.441,2452,0,100.00,71.35
2026-06-04 22:27:45.524,2453,0,100.00,78.95
2026-06-04 22:27:45.600,2454,0,100.00,71.88
2026-06-04 22:27:45.653,2455,0,100.00,49.96
2026-06-04 22:27:45.737,2456,0,100.00,70.37
2026-06-04 22:27:45.820,2457,0,100.00,73.28
2026-06-04 22:27:45.902,2458,0,100.00,75.55
2026-06-04 22:27:46.008,2459,0,100.00,88.84
2026-06-04 22:27:46.102,2460,0,100.00,89.90
2026-06-04 22:27:46.176,2461,0,100.00,69.92
2026-06-04 22:27:46.247,2462,0,99.95,63.38
2026-06-04 22:27:46.339,2463,0,99.19,80.13
2026-06-04 22:27:46.417,2464,0,98.48,74.48
2026-06-04 22:27:46.503,2465,0,98.48,82.53
2026-06-04 22:27:46.573,2466,0,100.00,64.71
2026-06-04 22:27:46.639,2467,0,99.98,62.20
2026-06-04 22:27:46.704,2468,1,89.69,60.91
2026-06-04 22:27:46.773,2469,1,89.69,66.31
2026-06-04 22:27:46.866,2470,0,97.06,79.34
2026-06-04 22:27:46.951,2471,0,96.85,70.52
2026-06-04 22:27:47.012,2472,0,100.00,54.97
2026-06-04 22:27:47.073,2473,0,100.00,53.50
2026-06-04 22:27:47.134,2474,0,96.65,52.58
2026-06-04 22:27:47.218,2475,0,99.97,74.84
2026-06-04 22:27:47.324,2476,0,99.97,87.26
2026-06-04 22:27:47.397,2477,0,99.93,67.71
2026-06-04 22:27:47.462,2478,0,99.93,51.73
2026-06-04 22:27:47.528,2479,1,53.32,55.03
2026-06-04 22:27:47.597,2480,0,99.41,64.52
2026-06-04 22:27:47.691,2481,0,99.41,75.49
2026-06-04 22:27:47.793,2482,0,100.00,85.81
2026-06-04 22:27:47.883,2483,1,80.96,84.97
2026-06-04 22:27:47.975,2484,1,99.38,83.66
2026-06-04 22:27:48.069,2485,1,86.15,86.99
2026-06-04 22:27:48.156,2486,1,98.15,83.77
2026-06-04 22:27:48.242,2487,1,99.32,74.85
2026-06-04 22:27:48.319,2488,1,96.54,71.24
2026-06-04 22:27:48.393,2489,1,88.51,70.91
2026-06-04 22:27:48.458,2490,1,88.51,59.17
2026-06-04 22:27:48.514,2491,0,89.66,52.93
2026-06-04 22:27:48.582,2492,1,97.01,59.82
2026-06-04 22:27:48.651,2493,1,97.01,53.52
2026-06-04 22:27:48.717,2494,1,94.30,56.93
2026-06-04 22:27:48.789,2495,1,99.48,68.45
2026-06-04 22:27:48.853,2496,1,99.48,60.82
2026-06-04 22:27:48.927,2497,1,99.93,63.42
2026-06-04 22:27:49.016,2498,1,94.61,73.13
2026-06-04 22:27:49.081,2499,1,94.61,60.64
2026-06-04 22:27:49.183,2500,0,84.35,82.40
2026-06-04 22:27:49.267,2501,0,84.35,79.88
2026-06-04 22:27:49.350,2502,1,93.17,80.31
2026-06-04 22:27:49.429,2503,0,100.00,73.63
2026-06-04 22:27:49.510,2504,0,100.00,76.87
2026-06-04 22:27:49.590,2505,0,100.00,75.86
2026-06-04 22:27:49.677,2506,0,100.00,82.99
2026-06-04 22:27:49.756,2507,0,100.00,74.53
2026-06-04 22:27:49.829,2508,0,100.00,68.59
2026-06-04 22:27:49.938,2509,0,100.00,88.80
2026-06-04 22:27:50.016,2510,0,100.00,74.28
2026-06-04 22:27:50.098,2511,0,100.00,77.36
2026-06-04 22:27:50.160,2512,0,100.00,57.90
2026-06-04 22:27:50.249,2513,0,100.00,84.84
2026-06-04 22:27:50.332,2514,0,100.00,78.42
2026-06-04 22:27:50.406,2515,0,100.00,70.93
2026-06-04 22:27:50.513,2516,0,100.00,86.95
2026-06-04 22:27:50.600,2517,0,100.00,82.97
2026-06-04 22:27:50.688,2518,0,100.00,83.20
2026-06-04 22:27:50.767,2519,0,100.00,75.68
